2025-10-17T12:06:29.268+05:30  INFO 16128 --- [backend] [restartedMain] c.omnishop.backend.BackendApplication    : Starting BackendApplication using Java 24.0.2 with PID 16128 (C:\Users\Rakesh\CV_Projects\Omnishop\backend\target\classes started by Rakesh in C:\Users\Rakesh\CV_Projects\Omnishop\backend)
2025-10-17T12:06:29.270+05:30  INFO 16128 --- [backend] [restartedMain] c.omnishop.backend.BackendApplication    : No active profile set, falling back to 1 default profile: "default"
2025-10-17T12:06:29.320+05:30  INFO 16128 --- [backend] [restartedMain] .e.DevToolsPropertyDefaultsPostProcessor : Devtools property defaults active! Set 'spring.devtools.add-properties' to 'false' to disable
2025-10-17T12:06:29.320+05:30  INFO 16128 --- [backend] [restartedMain] .e.DevToolsPropertyDefaultsPostProcessor : For additional web related logging consider setting the 'logging.level.web' property to 'DEBUG'
2025-10-17T12:06:30.225+05:30  INFO 16128 --- [backend] [restartedMain] .s.d.r.c.RepositoryConfigurationDelegate : Multiple Spring Data modules found, entering strict repository configuration mode
2025-10-17T12:06:30.226+05:30  INFO 16128 --- [backend] [restartedMain] .s.d.r.c.RepositoryConfigurationDelegate : Bootstrapping Spring Data JPA repositories in DEFAULT mode.
2025-10-17T12:06:30.258+05:30  INFO 16128 --- [backend] [restartedMain] .s.d.r.c.RepositoryConfigurationDelegate : Finished Spring Data repository scanning in 16 ms. Found 0 JPA repository interfaces.
2025-10-17T12:06:30.276+05:30  INFO 16128 --- [backend] [restartedMain] .s.d.r.c.RepositoryConfigurationDelegate : Multiple Spring Data modules found, entering strict repository configuration mode
2025-10-17T12:06:30.278+05:30  INFO 16128 --- [backend] [restartedMain] .s.d.r.c.RepositoryConfigurationDelegate : Bootstrapping Spring Data Redis repositories in DEFAULT mode.
2025-10-17T12:06:30.289+05:30  INFO 16128 --- [backend] [restartedMain] .s.d.r.c.RepositoryConfigurationDelegate : Finished Spring Data repository scanning in 0 ms. Found 0 Redis repository interfaces.
2025-10-17T12:06:31.025+05:30  INFO 16128 --- [backend] [restartedMain] o.s.b.w.embedded.tomcat.TomcatWebServer  : Tomcat initialized with port 8080 (http)
2025-10-17T12:06:31.041+05:30  INFO 16128 --- [backend] [restartedMain] o.apache.catalina.core.StandardService   : Starting service [Tomcat]
2025-10-17T12:06:31.042+05:30  INFO 16128 --- [backend] [restartedMain] o.apache.catalina.core.StandardEngine    : Starting Servlet engine: [Apache Tomcat/10.1.46]
2025-10-17T12:06:31.087+05:30  INFO 16128 --- [backend] [restartedMain] o.a.c.c.C.[Tomcat].[localhost].[/]       : Initializing Spring embedded WebApplicationContext
2025-10-17T12:06:31.088+05:30  INFO 16128 --- [backend] [restartedMain] w.s.c.ServletWebServerApplicationContext : Root WebApplicationContext: initialization completed in 1767 ms
2025-10-17T12:06:31.165+05:30  WARN 16128 --- [backend] [restartedMain] ConfigServletWebServerApplicationContext : Exception encountered during context initialization - cancelling refresh attempt: org.springframework.beans.factory.BeanCreationException: Error creating bean with name 'entityManagerFactory' defined in class path resource [org/springframework/boot/autoconfigure/orm/jpa/HibernateJpaConfiguration.class]: Failed to initialize dependency 'dataSourceScriptDatabaseInitializer' of LoadTimeWeaverAware bean 'entityManagerFactory': Error creating bean with name 'dataSourceScriptDatabaseInitializer' defined in class path resource [org/springframework/boot/autoconfigure/sql/init/DataSourceInitializationConfiguration.class]: Unsatisfied dependency expressed through method 'dataSourceScriptDatabaseInitializer' parameter 0: Error creating bean with name 'dataSource' defined in class path resource [org/springframework/boot/autoconfigure/jdbc/DataSourceConfiguration$Hikari.class]: Failed to instantiate [com.zaxxer.hikari.HikariDataSource]: Factory method 'dataSource' threw exception with message: Cannot load driver class: org.postgresql.Driver
2025-10-17T12:06:31.169+05:30  INFO 16128 --- [backend] [restartedMain] o.apache.catalina.core.StandardService   : Stopping service [Tomcat]
2025-10-17T12:06:31.190+05:30  INFO 16128 --- [backend] [restartedMain] .s.b.a.l.ConditionEvaluationReportLogger : 

Error starting ApplicationContext. To display the condition evaluation report re-run your application with 'debug' enabled.
2025-10-17T12:06:31.217+05:30 ERROR 16128 --- [backend] [restartedMain] o.s.boot.SpringApplication               : Application run failed

org.springframework.beans.factory.BeanCreationException: Error creating bean with name 'entityManagerFactory' defined in class path resource [org/springframework/boot/autoconfigure/orm/jpa/HibernateJpaConfiguration.class]: Failed to initialize dependency 'dataSourceScriptDatabaseInitializer' of LoadTimeWeaverAware bean 'entityManagerFactory': Error creating bean with name 'dataSourceScriptDatabaseInitializer' defined in class path resource [org/springframework/boot/autoconfigure/sql/init/DataSourceInitializationConfiguration.class]: Unsatisfied dependency expressed through method 'dataSourceScriptDatabaseInitializer' parameter 0: Error creating bean with name 'dataSource' defined in class path resource [org/springframework/boot/autoconfigure/jdbc/DataSourceConfiguration$Hikari.class]: Failed to instantiate [com.zaxxer.hikari.HikariDataSource]: Factory method 'dataSource' threw exception with message: Cannot load driver class: org.postgresql.Driver
	at org.springframework.beans.factory.support.AbstractBeanFactory.doGetBean(AbstractBeanFactory.java:328) ~[spring-beans-6.2.11.jar:6.2.11]
	at org.springframework.beans.factory.support.AbstractBeanFactory.getBean(AbstractBeanFactory.java:207) ~[spring-beans-6.2.11.jar:6.2.11]
	at org.springframework.context.support.AbstractApplicationContext.finishBeanFactoryInitialization(AbstractApplicationContext.java:970) ~[spring-context-6.2.11.jar:6.2.11]
	at org.springframework.context.support.AbstractApplicationContext.refresh(AbstractApplicationContext.java:627) ~[spring-context-6.2.11.jar:6.2.11]
	at org.springframework.boot.web.servlet.context.ServletWebServerApplicationContext.refresh(ServletWebServerApplicationContext.java:146) ~[spring-boot-3.5.6.jar:3.5.6]
	at org.springframework.boot.SpringApplication.refresh(SpringApplication.java:752) ~[spring-boot-3.5.6.jar:3.5.6]
	at org.springframework.boot.SpringApplication.refreshContext(SpringApplication.java:439) ~[spring-boot-3.5.6.jar:3.5.6]
	at org.springframework.boot.SpringApplication.run(SpringApplication.java:318) ~[spring-boot-3.5.6.jar:3.5.6]
	at org.springframework.boot.SpringApplication.run(SpringApplication.java:1361) ~[spring-boot-3.5.6.jar:3.5.6]
	at org.springframework.boot.SpringApplication.run(SpringApplication.java:1350) ~[spring-boot-3.5.6.jar:3.5.6]
	at com.omnishop.backend.BackendApplication.main(BackendApplication.java:10) ~[classes/:na]
	at java.base/jdk.internal.reflect.DirectMethodHandleAccessor.invoke(DirectMethodHandleAccessor.java:104) ~[na:na]
	at java.base/java.lang.reflect.Method.invoke(Method.java:565) ~[na:na]
	at org.springframework.boot.devtools.restart.RestartLauncher.run(RestartLauncher.java:50) ~[spring-boot-devtools-3.5.6.jar:3.5.6]
Caused by: org.springframework.beans.factory.UnsatisfiedDependencyException: Error creating bean with name 'dataSourceScriptDatabaseInitializer' defined in class path resource [org/springframework/boot/autoconfigure/sql/init/DataSourceInitializationConfiguration.class]: Unsatisfied dependency expressed through method 'dataSourceScriptDatabaseInitializer' parameter 0: Error creating bean with name 'dataSource' defined in class path resource [org/springframework/boot/autoconfigure/jdbc/DataSourceConfiguration$Hikari.class]: Failed to instantiate [com.zaxxer.hikari.HikariDataSource]: Factory method 'dataSource' threw exception with message: Cannot load driver class: org.postgresql.Driver
	at org.springframework.beans.factory.support.ConstructorResolver.createArgumentArray(ConstructorResolver.java:804) ~[spring-beans-6.2.11.jar:6.2.11]
	at org.springframework.beans.factory.support.ConstructorResolver.instantiateUsingFactoryMethod(ConstructorResolver.java:546) ~[spring-beans-6.2.11.jar:6.2.11]
	at org.springframework.beans.factory.support.AbstractAutowireCapableBeanFactory.instantiateUsingFactoryMethod(AbstractAutowireCapableBeanFactory.java:1375) ~[spring-beans-6.2.11.jar:6.2.11]
	at org.springframework.beans.factory.support.AbstractAutowireCapableBeanFactory.createBeanInstance(AbstractAutowireCapableBeanFactory.java:1205) ~[spring-beans-6.2.11.jar:6.2.11]
	at org.springframework.beans.factory.support.AbstractAutowireCapableBeanFactory.doCreateBean(AbstractAutowireCapableBeanFactory.java:569) ~[spring-beans-6.2.11.jar:6.2.11]
	at org.springframework.beans.factory.support.AbstractAutowireCapableBeanFactory.createBean(AbstractAutowireCapableBeanFactory.java:529) ~[spring-beans-6.2.11.jar:6.2.11]
	at org.springframework.beans.factory.support.AbstractBeanFactory.lambda$doGetBean$0(AbstractBeanFactory.java:339) ~[spring-beans-6.2.11.jar:6.2.11]
	at org.springframework.beans.factory.support.DefaultSingletonBeanRegistry.getSingleton(DefaultSingletonBeanRegistry.java:373) ~[spring-beans-6.2.11.jar:6.2.11]
	at org.springframework.beans.factory.support.AbstractBeanFactory.doGetBean(AbstractBeanFactory.java:337) ~[spring-beans-6.2.11.jar:6.2.11]
	at org.springframework.beans.factory.support.AbstractBeanFactory.getBean(AbstractBeanFactory.java:202) ~[spring-beans-6.2.11.jar:6.2.11]
	at org.springframework.beans.factory.support.AbstractBeanFactory.doGetBean(AbstractBeanFactory.java:315) ~[spring-beans-6.2.11.jar:6.2.11]
	... 13 common frames omitted
Caused by: org.springframework.beans.factory.BeanCreationException: Error creating bean with name 'dataSource' defined in class path resource [org/springframework/boot/autoconfigure/jdbc/DataSourceConfiguration$Hikari.class]: Failed to instantiate [com.zaxxer.hikari.HikariDataSource]: Factory method 'dataSource' threw exception with message: Cannot load driver class: org.postgresql.Driver
	at org.springframework.beans.factory.support.ConstructorResolver.instantiate(ConstructorResolver.java:657) ~[spring-beans-6.2.11.jar:6.2.11]
	at org.springframework.beans.factory.support.ConstructorResolver.instantiateUsingFactoryMethod(ConstructorResolver.java:645) ~[spring-beans-6.2.11.jar:6.2.11]
	at org.springframework.beans.factory.support.AbstractAutowireCapableBeanFactory.instantiateUsingFactoryMethod(AbstractAutowireCapableBeanFactory.java:1375) ~[spring-beans-6.2.11.jar:6.2.11]
	at org.springframework.beans.factory.support.AbstractAutowireCapableBeanFactory.createBeanInstance(AbstractAutowireCapableBeanFactory.java:1205) ~[spring-beans-6.2.11.jar:6.2.11]
	at org.springframework.beans.factory.support.AbstractAutowireCapableBeanFactory.doCreateBean(AbstractAutowireCapableBeanFactory.java:569) ~[spring-beans-6.2.11.jar:6.2.11]
	at org.springframework.beans.factory.support.AbstractAutowireCapableBeanFactory.createBean(AbstractAutowireCapableBeanFactory.java:529) ~[spring-beans-6.2.11.jar:6.2.11]
	at org.springframework.beans.factory.support.AbstractBeanFactory.lambda$doGetBean$0(AbstractBeanFactory.java:339) ~[spring-beans-6.2.11.jar:6.2.11]
	at org.springframework.beans.factory.support.DefaultSingletonBeanRegistry.getSingleton(DefaultSingletonBeanRegistry.java:373) ~[spring-beans-6.2.11.jar:6.2.11]
	at org.springframework.beans.factory.support.AbstractBeanFactory.doGetBean(AbstractBeanFactory.java:337) ~[spring-beans-6.2.11.jar:6.2.11]
	at org.springframework.beans.factory.support.AbstractBeanFactory.getBean(AbstractBeanFactory.java:202) ~[spring-beans-6.2.11.jar:6.2.11]
	at org.springframework.beans.factory.support.DefaultListableBeanFactory.doResolveDependency(DefaultListableBeanFactory.java:1698) ~[spring-beans-6.2.11.jar:6.2.11]
	at org.springframework.beans.factory.support.DefaultListableBeanFactory.resolveDependency(DefaultListableBeanFactory.java:1643) ~[spring-beans-6.2.11.jar:6.2.11]
	at org.springframework.beans.factory.support.ConstructorResolver.resolveAutowiredArgument(ConstructorResolver.java:913) ~[spring-beans-6.2.11.jar:6.2.11]
	at org.springframework.beans.factory.support.ConstructorResolver.createArgumentArray(ConstructorResolver.java:791) ~[spring-beans-6.2.11.jar:6.2.11]
	... 23 common frames omitted
Caused by: org.springframework.beans.BeanInstantiationException: Failed to instantiate [com.zaxxer.hikari.HikariDataSource]: Factory method 'dataSource' threw exception with message: Cannot load driver class: org.postgresql.Driver
	at org.springframework.beans.factory.support.SimpleInstantiationStrategy.lambda$instantiate$0(SimpleInstantiationStrategy.java:200) ~[spring-beans-6.2.11.jar:6.2.11]
	at org.springframework.beans.factory.support.SimpleInstantiationStrategy.instantiateWithFactoryMethod(SimpleInstantiationStrategy.java:89) ~[spring-beans-6.2.11.jar:6.2.11]
	at org.springframework.beans.factory.support.SimpleInstantiationStrategy.instantiate(SimpleInstantiationStrategy.java:169) ~[spring-beans-6.2.11.jar:6.2.11]
	at org.springframework.beans.factory.support.ConstructorResolver.instantiate(ConstructorResolver.java:653) ~[spring-beans-6.2.11.jar:6.2.11]
	... 36 common frames omitted
Caused by: java.lang.IllegalStateException: Cannot load driver class: org.postgresql.Driver
	at org.springframework.util.Assert.state(Assert.java:101) ~[spring-core-6.2.11.jar:6.2.11]
	at org.springframework.boot.autoconfigure.jdbc.DataSourceProperties.findDriverClassName(DataSourceProperties.java:184) ~[spring-boot-autoconfigure-3.5.6.jar:3.5.6]
	at org.springframework.boot.autoconfigure.jdbc.DataSourceProperties.determineDriverClassName(DataSourceProperties.java:174) ~[spring-boot-autoconfigure-3.5.6.jar:3.5.6]
	at org.springframework.boot.autoconfigure.jdbc.PropertiesJdbcConnectionDetails.getDriverClassName(PropertiesJdbcConnectionDetails.java:49) ~[spring-boot-autoconfigure-3.5.6.jar:3.5.6]
	at org.springframework.boot.autoconfigure.jdbc.DataSourceConfiguration.createDataSource(DataSourceConfiguration.java:62) ~[spring-boot-autoconfigure-3.5.6.jar:3.5.6]
	at org.springframework.boot.autoconfigure.jdbc.DataSourceConfiguration$Hikari.dataSource(DataSourceConfiguration.java:127) ~[spring-boot-autoconfigure-3.5.6.jar:3.5.6]
	at java.base/jdk.internal.reflect.DirectMethodHandleAccessor.invoke(DirectMethodHandleAccessor.java:104) ~[na:na]
	at java.base/java.lang.reflect.Method.invoke(Method.java:565) ~[na:na]
	at org.springframework.beans.factory.support.SimpleInstantiationStrategy.lambda$instantiate$0(SimpleInstantiationStrategy.java:172) ~[spring-beans-6.2.11.jar:6.2.11]
	... 39 common frames omitted

2025-10-17T12:07:25.493+05:30  INFO 13932 --- [backend] [restartedMain] c.omnishop.backend.BackendApplication    : Starting BackendApplication using Java 24.0.2 with PID 13932 (C:\Users\Rakesh\CV_Projects\Omnishop\backend\target\classes started by Rakesh in C:\Users\Rakesh\CV_Projects\Omnishop\backend)
2025-10-17T12:07:25.496+05:30  INFO 13932 --- [backend] [restartedMain] c.omnishop.backend.BackendApplication    : No active profile set, falling back to 1 default profile: "default"
2025-10-17T12:07:25.557+05:30  INFO 13932 --- [backend] [restartedMain] .e.DevToolsPropertyDefaultsPostProcessor : Devtools property defaults active! Set 'spring.devtools.add-properties' to 'false' to disable
2025-10-17T12:07:25.558+05:30  INFO 13932 --- [backend] [restartedMain] .e.DevToolsPropertyDefaultsPostProcessor : For additional web related logging consider setting the 'logging.level.web' property to 'DEBUG'
2025-10-17T12:07:26.347+05:30  INFO 13932 --- [backend] [restartedMain] .s.d.r.c.RepositoryConfigurationDelegate : Multiple Spring Data modules found, entering strict repository configuration mode
2025-10-17T12:07:26.349+05:30  INFO 13932 --- [backend] [restartedMain] .s.d.r.c.RepositoryConfigurationDelegate : Bootstrapping Spring Data JPA repositories in DEFAULT mode.
2025-10-17T12:07:26.385+05:30  INFO 13932 --- [backend] [restartedMain] .s.d.r.c.RepositoryConfigurationDelegate : Finished Spring Data repository scanning in 16 ms. Found 0 JPA repository interfaces.
2025-10-17T12:07:26.411+05:30  INFO 13932 --- [backend] [restartedMain] .s.d.r.c.RepositoryConfigurationDelegate : Multiple Spring Data modules found, entering strict repository configuration mode
2025-10-17T12:07:26.412+05:30  INFO 13932 --- [backend] [restartedMain] .s.d.r.c.RepositoryConfigurationDelegate : Bootstrapping Spring Data Redis repositories in DEFAULT mode.
2025-10-17T12:07:26.424+05:30  INFO 13932 --- [backend] [restartedMain] .s.d.r.c.RepositoryConfigurationDelegate : Finished Spring Data repository scanning in 1 ms. Found 0 Redis repository interfaces.
2025-10-17T12:07:27.035+05:30  INFO 13932 --- [backend] [restartedMain] o.s.b.w.embedded.tomcat.TomcatWebServer  : Tomcat initialized with port 8080 (http)
2025-10-17T12:07:27.051+05:30  INFO 13932 --- [backend] [restartedMain] o.apache.catalina.core.StandardService   : Starting service [Tomcat]
2025-10-17T12:07:27.051+05:30  INFO 13932 --- [backend] [restartedMain] o.apache.catalina.core.StandardEngine    : Starting Servlet engine: [Apache Tomcat/10.1.46]
2025-10-17T12:07:27.090+05:30  INFO 13932 --- [backend] [restartedMain] o.a.c.c.C.[Tomcat].[localhost].[/]       : Initializing Spring embedded WebApplicationContext
2025-10-17T12:07:27.090+05:30  INFO 13932 --- [backend] [restartedMain] w.s.c.ServletWebServerApplicationContext : Root WebApplicationContext: initialization completed in 1532 ms
2025-10-17T12:07:27.308+05:30  INFO 13932 --- [backend] [restartedMain] o.hibernate.jpa.internal.util.LogHelper  : HHH000204: Processing PersistenceUnitInfo [name: default]
2025-10-17T12:07:27.406+05:30  INFO 13932 --- [backend] [restartedMain] org.hibernate.Version                    : HHH000412: Hibernate ORM core version 6.6.29.Final
2025-10-17T12:07:27.450+05:30  INFO 13932 --- [backend] [restartedMain] o.h.c.internal.RegionFactoryInitiator    : HHH000026: Second-level cache disabled
2025-10-17T12:07:27.790+05:30  INFO 13932 --- [backend] [restartedMain] o.s.o.j.p.SpringPersistenceUnitInfo      : No LoadTimeWeaver setup: ignoring JPA class transformer
2025-10-17T12:07:27.818+05:30  INFO 13932 --- [backend] [restartedMain] com.zaxxer.hikari.HikariDataSource       : HikariPool-1 - Starting...
2025-10-17T12:07:28.370+05:30  INFO 13932 --- [backend] [restartedMain] com.zaxxer.hikari.pool.HikariPool        : HikariPool-1 - Added connection com.mysql.cj.jdbc.ConnectionImpl@5317b980
2025-10-17T12:07:28.373+05:30  INFO 13932 --- [backend] [restartedMain] com.zaxxer.hikari.HikariDataSource       : HikariPool-1 - Start completed.
2025-10-17T12:07:28.429+05:30  WARN 13932 --- [backend] [restartedMain] org.hibernate.orm.deprecation            : HHH90000025: MySQLDialect does not need to be specified explicitly using 'hibernate.dialect' (remove the property setting and it will be selected by default)
2025-10-17T12:07:28.446+05:30  INFO 13932 --- [backend] [restartedMain] org.hibernate.orm.connections.pooling    : HHH10001005: Database info:
	Database JDBC URL [Connecting through datasource 'HikariDataSource (HikariPool-1)']
	Database driver: undefined/unknown
	Database version: 8.0.36
	Autocommit mode: undefined/unknown
	Isolation level: undefined/unknown
	Minimum pool size: undefined/unknown
	Maximum pool size: undefined/unknown
2025-10-17T12:07:28.799+05:30  INFO 13932 --- [backend] [restartedMain] o.h.e.t.j.p.i.JtaPlatformInitiator       : HHH000489: No JTA platform available (set 'hibernate.transaction.jta.platform' to enable JTA platform integration)
2025-10-17T12:07:28.804+05:30  INFO 13932 --- [backend] [restartedMain] j.LocalContainerEntityManagerFactoryBean : Initialized JPA EntityManagerFactory for persistence unit 'default'
2025-10-17T12:07:28.868+05:30  WARN 13932 --- [backend] [restartedMain] JpaBaseConfiguration$JpaWebConfiguration : spring.jpa.open-in-view is enabled by default. Therefore, database queries may be performed during view rendering. Explicitly configure spring.jpa.open-in-view to disable this warning
2025-10-17T12:07:29.642+05:30  INFO 13932 --- [backend] [restartedMain] o.s.b.d.a.OptionalLiveReloadServer       : LiveReload server is running on port 35729
2025-10-17T12:07:29.672+05:30  WARN 13932 --- [backend] [restartedMain] ConfigServletWebServerApplicationContext : Exception encountered during context initialization - cancelling refresh attempt: org.springframework.context.ApplicationContextException: Failed to start bean 'webServerStartStop'
2025-10-17T12:07:29.682+05:30  INFO 13932 --- [backend] [restartedMain] j.LocalContainerEntityManagerFactoryBean : Closing JPA EntityManagerFactory for persistence unit 'default'
2025-10-17T12:07:29.685+05:30  INFO 13932 --- [backend] [restartedMain] com.zaxxer.hikari.HikariDataSource       : HikariPool-1 - Shutdown initiated...
2025-10-17T12:07:29.754+05:30  INFO 13932 --- [backend] [restartedMain] com.zaxxer.hikari.HikariDataSource       : HikariPool-1 - Shutdown completed.
2025-10-17T12:07:29.771+05:30  INFO 13932 --- [backend] [restartedMain] .s.b.a.l.ConditionEvaluationReportLogger : 

Error starting ApplicationContext. To display the condition evaluation report re-run your application with 'debug' enabled.
2025-10-17T12:07:29.797+05:30 ERROR 13932 --- [backend] [restartedMain] o.s.b.d.LoggingFailureAnalysisReporter   : 

***************************
APPLICATION FAILED TO START
***************************

Description:

Web server failed to start. Port 8080 was already in use.

Action:

Identify and stop the process that's listening on port 8080 or configure this application to listen on another port.

2025-10-17T12:07:38.845+05:30  INFO 12428 --- [backend] [restartedMain] c.omnishop.backend.BackendApplication    : Starting BackendApplication using Java 24.0.2 with PID 12428 (C:\Users\Rakesh\CV_Projects\Omnishop\backend\target\classes started by Rakesh in C:\Users\Rakesh\CV_Projects\Omnishop\backend)
2025-10-17T12:07:38.849+05:30  INFO 12428 --- [backend] [restartedMain] c.omnishop.backend.BackendApplication    : No active profile set, falling back to 1 default profile: "default"
2025-10-17T12:07:38.907+05:30  INFO 12428 --- [backend] [restartedMain] .e.DevToolsPropertyDefaultsPostProcessor : Devtools property defaults active! Set 'spring.devtools.add-properties' to 'false' to disable
2025-10-17T12:07:38.907+05:30  INFO 12428 --- [backend] [restartedMain] .e.DevToolsPropertyDefaultsPostProcessor : For additional web related logging consider setting the 'logging.level.web' property to 'DEBUG'
2025-10-17T12:07:39.708+05:30  INFO 12428 --- [backend] [restartedMain] .s.d.r.c.RepositoryConfigurationDelegate : Multiple Spring Data modules found, entering strict repository configuration mode
2025-10-17T12:07:39.709+05:30  INFO 12428 --- [backend] [restartedMain] .s.d.r.c.RepositoryConfigurationDelegate : Bootstrapping Spring Data JPA repositories in DEFAULT mode.
2025-10-17T12:07:39.730+05:30  INFO 12428 --- [backend] [restartedMain] .s.d.r.c.RepositoryConfigurationDelegate : Finished Spring Data repository scanning in 11 ms. Found 0 JPA repository interfaces.
2025-10-17T12:07:39.748+05:30  INFO 12428 --- [backend] [restartedMain] .s.d.r.c.RepositoryConfigurationDelegate : Multiple Spring Data modules found, entering strict repository configuration mode
2025-10-17T12:07:39.750+05:30  INFO 12428 --- [backend] [restartedMain] .s.d.r.c.RepositoryConfigurationDelegate : Bootstrapping Spring Data Redis repositories in DEFAULT mode.
2025-10-17T12:07:39.763+05:30  INFO 12428 --- [backend] [restartedMain] .s.d.r.c.RepositoryConfigurationDelegate : Finished Spring Data repository scanning in 1 ms. Found 0 Redis repository interfaces.
2025-10-17T12:07:40.400+05:30  INFO 12428 --- [backend] [restartedMain] o.s.b.w.embedded.tomcat.TomcatWebServer  : Tomcat initialized with port 8081 (http)
2025-10-17T12:07:40.415+05:30  INFO 12428 --- [backend] [restartedMain] o.apache.catalina.core.StandardService   : Starting service [Tomcat]
2025-10-17T12:07:40.415+05:30  INFO 12428 --- [backend] [restartedMain] o.apache.catalina.core.StandardEngine    : Starting Servlet engine: [Apache Tomcat/10.1.46]
2025-10-17T12:07:40.463+05:30  INFO 12428 --- [backend] [restartedMain] o.a.c.c.C.[Tomcat].[localhost].[/]       : Initializing Spring embedded WebApplicationContext
2025-10-17T12:07:40.464+05:30  INFO 12428 --- [backend] [restartedMain] w.s.c.ServletWebServerApplicationContext : Root WebApplicationContext: initialization completed in 1557 ms
2025-10-17T12:07:40.690+05:30  INFO 12428 --- [backend] [restartedMain] o.hibernate.jpa.internal.util.LogHelper  : HHH000204: Processing PersistenceUnitInfo [name: default]
2025-10-17T12:07:40.750+05:30  INFO 12428 --- [backend] [restartedMain] org.hibernate.Version                    : HHH000412: Hibernate ORM core version 6.6.29.Final
2025-10-17T12:07:40.788+05:30  INFO 12428 --- [backend] [restartedMain] o.h.c.internal.RegionFactoryInitiator    : HHH000026: Second-level cache disabled
2025-10-17T12:07:41.106+05:30  INFO 12428 --- [backend] [restartedMain] o.s.o.j.p.SpringPersistenceUnitInfo      : No LoadTimeWeaver setup: ignoring JPA class transformer
2025-10-17T12:07:41.134+05:30  INFO 12428 --- [backend] [restartedMain] com.zaxxer.hikari.HikariDataSource       : HikariPool-1 - Starting...
2025-10-17T12:07:41.579+05:30  INFO 12428 --- [backend] [restartedMain] com.zaxxer.hikari.pool.HikariPool        : HikariPool-1 - Added connection com.mysql.cj.jdbc.ConnectionImpl@1fc5abe0
2025-10-17T12:07:41.582+05:30  INFO 12428 --- [backend] [restartedMain] com.zaxxer.hikari.HikariDataSource       : HikariPool-1 - Start completed.
2025-10-17T12:07:41.658+05:30  WARN 12428 --- [backend] [restartedMain] org.hibernate.orm.deprecation            : HHH90000025: MySQLDialect does not need to be specified explicitly using 'hibernate.dialect' (remove the property setting and it will be selected by default)
2025-10-17T12:07:41.677+05:30  INFO 12428 --- [backend] [restartedMain] org.hibernate.orm.connections.pooling    : HHH10001005: Database info:
	Database JDBC URL [Connecting through datasource 'HikariDataSource (HikariPool-1)']
	Database driver: undefined/unknown
	Database version: 8.0.36
	Autocommit mode: undefined/unknown
	Isolation level: undefined/unknown
	Minimum pool size: undefined/unknown
	Maximum pool size: undefined/unknown
2025-10-17T12:07:41.997+05:30  INFO 12428 --- [backend] [restartedMain] o.h.e.t.j.p.i.JtaPlatformInitiator       : HHH000489: No JTA platform available (set 'hibernate.transaction.jta.platform' to enable JTA platform integration)
2025-10-17T12:07:42.000+05:30  INFO 12428 --- [backend] [restartedMain] j.LocalContainerEntityManagerFactoryBean : Initialized JPA EntityManagerFactory for persistence unit 'default'
2025-10-17T12:07:42.072+05:30  WARN 12428 --- [backend] [restartedMain] JpaBaseConfiguration$JpaWebConfiguration : spring.jpa.open-in-view is enabled by default. Therefore, database queries may be performed during view rendering. Explicitly configure spring.jpa.open-in-view to disable this warning
2025-10-17T12:07:42.845+05:30  INFO 12428 --- [backend] [restartedMain] o.s.b.d.a.OptionalLiveReloadServer       : LiveReload server is running on port 35729
2025-10-17T12:07:42.885+05:30  INFO 12428 --- [backend] [restartedMain] o.s.b.w.embedded.tomcat.TomcatWebServer  : Tomcat started on port 8081 (http) with context path '/'
2025-10-17T12:07:42.895+05:30  INFO 12428 --- [backend] [restartedMain] c.omnishop.backend.BackendApplication    : Started BackendApplication in 4.562 seconds (process running for 5.004)
2025-10-17T12:08:12.675+05:30  INFO 12428 --- [backend] [SpringApplicationShutdownHook] o.s.b.w.e.tomcat.GracefulShutdown        : Commencing graceful shutdown. Waiting for active requests to complete
2025-10-17T12:08:12.687+05:30  INFO 12428 --- [backend] [tomcat-shutdown] o.s.b.w.e.tomcat.GracefulShutdown        : Graceful shutdown complete
2025-10-17T12:08:12.707+05:30  INFO 12428 --- [backend] [SpringApplicationShutdownHook] j.LocalContainerEntityManagerFactoryBean : Closing JPA EntityManagerFactory for persistence unit 'default'
2025-10-17T12:08:12.712+05:30  INFO 12428 --- [backend] [SpringApplicationShutdownHook] com.zaxxer.hikari.HikariDataSource       : HikariPool-1 - Shutdown initiated...
2025-10-17T12:08:12.724+05:30  INFO 12428 --- [backend] [SpringApplicationShutdownHook] com.zaxxer.hikari.HikariDataSource       : HikariPool-1 - Shutdown completed.
2025-10-17T12:15:33.649+05:30  INFO 19368 --- [backend] [restartedMain] c.omnishop.backend.BackendApplication    : Starting BackendApplication using Java 24.0.2 with PID 19368 (C:\Users\Rakesh\CV_Projects\Omnishop\backend\target\classes started by Rakesh in C:\Users\Rakesh\CV_Projects\Omnishop\backend)
2025-10-17T12:15:33.651+05:30  INFO 19368 --- [backend] [restartedMain] c.omnishop.backend.BackendApplication    : No active profile set, falling back to 1 default profile: "default"
2025-10-17T12:15:33.704+05:30  INFO 19368 --- [backend] [restartedMain] .e.DevToolsPropertyDefaultsPostProcessor : Devtools property defaults active! Set 'spring.devtools.add-properties' to 'false' to disable
2025-10-17T12:15:33.704+05:30  INFO 19368 --- [backend] [restartedMain] .e.DevToolsPropertyDefaultsPostProcessor : For additional web related logging consider setting the 'logging.level.web' property to 'DEBUG'
2025-10-17T12:15:34.493+05:30  INFO 19368 --- [backend] [restartedMain] .s.d.r.c.RepositoryConfigurationDelegate : Multiple Spring Data modules found, entering strict repository configuration mode
2025-10-17T12:15:34.494+05:30  INFO 19368 --- [backend] [restartedMain] .s.d.r.c.RepositoryConfigurationDelegate : Bootstrapping Spring Data JPA repositories in DEFAULT mode.
2025-10-17T12:15:34.517+05:30  INFO 19368 --- [backend] [restartedMain] .s.d.r.c.RepositoryConfigurationDelegate : Finished Spring Data repository scanning in 11 ms. Found 0 JPA repository interfaces.
2025-10-17T12:15:34.531+05:30  INFO 19368 --- [backend] [restartedMain] .s.d.r.c.RepositoryConfigurationDelegate : Multiple Spring Data modules found, entering strict repository configuration mode
2025-10-17T12:15:34.532+05:30  INFO 19368 --- [backend] [restartedMain] .s.d.r.c.RepositoryConfigurationDelegate : Bootstrapping Spring Data Redis repositories in DEFAULT mode.
2025-10-17T12:15:34.541+05:30  INFO 19368 --- [backend] [restartedMain] .s.d.r.c.RepositoryConfigurationDelegate : Finished Spring Data repository scanning in 1 ms. Found 0 Redis repository interfaces.
2025-10-17T12:15:35.147+05:30  INFO 19368 --- [backend] [restartedMain] o.s.b.w.embedded.tomcat.TomcatWebServer  : Tomcat initialized with port 8081 (http)
2025-10-17T12:15:35.174+05:30  INFO 19368 --- [backend] [restartedMain] o.apache.catalina.core.StandardService   : Starting service [Tomcat]
2025-10-17T12:15:35.174+05:30  INFO 19368 --- [backend] [restartedMain] o.apache.catalina.core.StandardEngine    : Starting Servlet engine: [Apache Tomcat/10.1.46]
2025-10-17T12:15:35.224+05:30  INFO 19368 --- [backend] [restartedMain] o.a.c.c.C.[Tomcat].[localhost].[/]       : Initializing Spring embedded WebApplicationContext
2025-10-17T12:15:35.225+05:30  INFO 19368 --- [backend] [restartedMain] w.s.c.ServletWebServerApplicationContext : Root WebApplicationContext: initialization completed in 1519 ms
2025-10-17T12:15:35.422+05:30  INFO 19368 --- [backend] [restartedMain] o.hibernate.jpa.internal.util.LogHelper  : HHH000204: Processing PersistenceUnitInfo [name: default]
2025-10-17T12:15:35.473+05:30  INFO 19368 --- [backend] [restartedMain] org.hibernate.Version                    : HHH000412: Hibernate ORM core version 6.6.29.Final
2025-10-17T12:15:35.508+05:30  INFO 19368 --- [backend] [restartedMain] o.h.c.internal.RegionFactoryInitiator    : HHH000026: Second-level cache disabled
2025-10-17T12:15:35.815+05:30  INFO 19368 --- [backend] [restartedMain] o.s.o.j.p.SpringPersistenceUnitInfo      : No LoadTimeWeaver setup: ignoring JPA class transformer
2025-10-17T12:15:35.839+05:30  INFO 19368 --- [backend] [restartedMain] com.zaxxer.hikari.HikariDataSource       : HikariPool-1 - Starting...
2025-10-17T12:15:36.252+05:30  INFO 19368 --- [backend] [restartedMain] com.zaxxer.hikari.pool.HikariPool        : HikariPool-1 - Added connection com.mysql.cj.jdbc.ConnectionImpl@d971355
2025-10-17T12:15:36.254+05:30  INFO 19368 --- [backend] [restartedMain] com.zaxxer.hikari.HikariDataSource       : HikariPool-1 - Start completed.
2025-10-17T12:15:36.312+05:30  WARN 19368 --- [backend] [restartedMain] org.hibernate.orm.deprecation            : HHH90000025: MySQLDialect does not need to be specified explicitly using 'hibernate.dialect' (remove the property setting and it will be selected by default)
2025-10-17T12:15:36.325+05:30  INFO 19368 --- [backend] [restartedMain] org.hibernate.orm.connections.pooling    : HHH10001005: Database info:
	Database JDBC URL [Connecting through datasource 'HikariDataSource (HikariPool-1)']
	Database driver: undefined/unknown
	Database version: 8.0.36
	Autocommit mode: undefined/unknown
	Isolation level: undefined/unknown
	Minimum pool size: undefined/unknown
	Maximum pool size: undefined/unknown
2025-10-17T12:15:36.593+05:30  INFO 19368 --- [backend] [restartedMain] o.h.e.t.j.p.i.JtaPlatformInitiator       : HHH000489: No JTA platform available (set 'hibernate.transaction.jta.platform' to enable JTA platform integration)
2025-10-17T12:15:36.596+05:30  INFO 19368 --- [backend] [restartedMain] j.LocalContainerEntityManagerFactoryBean : Initialized JPA EntityManagerFactory for persistence unit 'default'
2025-10-17T12:15:36.672+05:30  WARN 19368 --- [backend] [restartedMain] JpaBaseConfiguration$JpaWebConfiguration : spring.jpa.open-in-view is enabled by default. Therefore, database queries may be performed during view rendering. Explicitly configure spring.jpa.open-in-view to disable this warning
2025-10-17T12:15:37.396+05:30  INFO 19368 --- [backend] [restartedMain] o.s.b.d.a.OptionalLiveReloadServer       : LiveReload server is running on port 35729
2025-10-17T12:15:37.430+05:30  INFO 19368 --- [backend] [restartedMain] o.s.b.w.embedded.tomcat.TomcatWebServer  : Tomcat started on port 8081 (http) with context path '/'
2025-10-17T12:15:37.441+05:30  INFO 19368 --- [backend] [restartedMain] c.omnishop.backend.BackendApplication    : Started BackendApplication in 4.295 seconds (process running for 4.728)
2025-10-17T12:21:58.846+05:30  INFO 19368 --- [backend] [SpringApplicationShutdownHook] o.s.b.w.e.tomcat.GracefulShutdown        : Commencing graceful shutdown. Waiting for active requests to complete
2025-10-17T12:21:58.858+05:30  INFO 19368 --- [backend] [tomcat-shutdown] o.s.b.w.e.tomcat.GracefulShutdown        : Graceful shutdown complete
2025-10-17T12:21:58.873+05:30  INFO 19368 --- [backend] [SpringApplicationShutdownHook] j.LocalContainerEntityManagerFactoryBean : Closing JPA EntityManagerFactory for persistence unit 'default'
2025-10-17T12:21:58.877+05:30  INFO 19368 --- [backend] [SpringApplicationShutdownHook] com.zaxxer.hikari.HikariDataSource       : HikariPool-1 - Shutdown initiated...
2025-10-17T12:21:58.887+05:30  INFO 19368 --- [backend] [SpringApplicationShutdownHook] com.zaxxer.hikari.HikariDataSource       : HikariPool-1 - Shutdown completed.
2025-10-17T12:27:38.519+05:30  INFO 32796 --- [backend] [restartedMain] c.omnishop.backend.BackendApplication    : Starting BackendApplication using Java 24.0.2 with PID 32796 (C:\Users\Rakesh\CV_Projects\Omnishop\backend\target\classes started by Rakesh in C:\Users\Rakesh\CV_Projects\Omnishop\backend)
2025-10-17T12:27:38.520+05:30  INFO 32796 --- [backend] [restartedMain] c.omnishop.backend.BackendApplication    : No active profile set, falling back to 1 default profile: "default"
2025-10-17T12:27:38.576+05:30  INFO 32796 --- [backend] [restartedMain] .e.DevToolsPropertyDefaultsPostProcessor : Devtools property defaults active! Set 'spring.devtools.add-properties' to 'false' to disable
2025-10-17T12:27:38.576+05:30  INFO 32796 --- [backend] [restartedMain] .e.DevToolsPropertyDefaultsPostProcessor : For additional web related logging consider setting the 'logging.level.web' property to 'DEBUG'
2025-10-17T12:27:39.421+05:30  INFO 32796 --- [backend] [restartedMain] .s.d.r.c.RepositoryConfigurationDelegate : Multiple Spring Data modules found, entering strict repository configuration mode
2025-10-17T12:27:39.423+05:30  INFO 32796 --- [backend] [restartedMain] .s.d.r.c.RepositoryConfigurationDelegate : Bootstrapping Spring Data JPA repositories in DEFAULT mode.
2025-10-17T12:27:39.539+05:30  INFO 32796 --- [backend] [restartedMain] .s.d.r.c.RepositoryConfigurationDelegate : Finished Spring Data repository scanning in 105 ms. Found 1 JPA repository interface.
2025-10-17T12:27:39.558+05:30  INFO 32796 --- [backend] [restartedMain] .s.d.r.c.RepositoryConfigurationDelegate : Multiple Spring Data modules found, entering strict repository configuration mode
2025-10-17T12:27:39.559+05:30  INFO 32796 --- [backend] [restartedMain] .s.d.r.c.RepositoryConfigurationDelegate : Bootstrapping Spring Data Redis repositories in DEFAULT mode.
2025-10-17T12:27:39.572+05:30  INFO 32796 --- [backend] [restartedMain] .RepositoryConfigurationExtensionSupport : Spring Data Redis - Could not safely identify store assignment for repository candidate interface com.omnishop.backend.repository.TestRepository; If you want this repository to be a Redis repository, consider annotating your entities with one of these annotations: org.springframework.data.redis.core.RedisHash (preferred), or consider extending one of the following types with your repository: org.springframework.data.keyvalue.repository.KeyValueRepository
2025-10-17T12:27:39.573+05:30  INFO 32796 --- [backend] [restartedMain] .s.d.r.c.RepositoryConfigurationDelegate : Finished Spring Data repository scanning in 4 ms. Found 0 Redis repository interfaces.
2025-10-17T12:27:40.194+05:30  INFO 32796 --- [backend] [restartedMain] o.s.b.w.embedded.tomcat.TomcatWebServer  : Tomcat initialized with port 8081 (http)
2025-10-17T12:27:40.212+05:30  INFO 32796 --- [backend] [restartedMain] o.apache.catalina.core.StandardService   : Starting service [Tomcat]
2025-10-17T12:27:40.212+05:30  INFO 32796 --- [backend] [restartedMain] o.apache.catalina.core.StandardEngine    : Starting Servlet engine: [Apache Tomcat/10.1.46]
2025-10-17T12:27:40.257+05:30  INFO 32796 --- [backend] [restartedMain] o.a.c.c.C.[Tomcat].[localhost].[/]       : Initializing Spring embedded WebApplicationContext
2025-10-17T12:27:40.257+05:30  INFO 32796 --- [backend] [restartedMain] w.s.c.ServletWebServerApplicationContext : Root WebApplicationContext: initialization completed in 1680 ms
2025-10-17T12:27:40.719+05:30  INFO 32796 --- [backend] [restartedMain] o.hibernate.jpa.internal.util.LogHelper  : HHH000204: Processing PersistenceUnitInfo [name: default]
2025-10-17T12:27:40.772+05:30  INFO 32796 --- [backend] [restartedMain] org.hibernate.Version                    : HHH000412: Hibernate ORM core version 6.6.29.Final
2025-10-17T12:27:40.806+05:30  INFO 32796 --- [backend] [restartedMain] o.h.c.internal.RegionFactoryInitiator    : HHH000026: Second-level cache disabled
2025-10-17T12:27:41.087+05:30  INFO 32796 --- [backend] [restartedMain] o.s.o.j.p.SpringPersistenceUnitInfo      : No LoadTimeWeaver setup: ignoring JPA class transformer
2025-10-17T12:27:41.117+05:30  INFO 32796 --- [backend] [restartedMain] com.zaxxer.hikari.HikariDataSource       : HikariPool-1 - Starting...
2025-10-17T12:27:41.526+05:30  INFO 32796 --- [backend] [restartedMain] com.zaxxer.hikari.pool.HikariPool        : HikariPool-1 - Added connection com.mysql.cj.jdbc.ConnectionImpl@1918bc29
2025-10-17T12:27:41.528+05:30  INFO 32796 --- [backend] [restartedMain] com.zaxxer.hikari.HikariDataSource       : HikariPool-1 - Start completed.
2025-10-17T12:27:41.580+05:30  WARN 32796 --- [backend] [restartedMain] org.hibernate.orm.deprecation            : HHH90000025: MySQLDialect does not need to be specified explicitly using 'hibernate.dialect' (remove the property setting and it will be selected by default)
2025-10-17T12:27:41.597+05:30  INFO 32796 --- [backend] [restartedMain] org.hibernate.orm.connections.pooling    : HHH10001005: Database info:
	Database JDBC URL [Connecting through datasource 'HikariDataSource (HikariPool-1)']
	Database driver: undefined/unknown
	Database version: 8.0.36
	Autocommit mode: undefined/unknown
	Isolation level: undefined/unknown
	Minimum pool size: undefined/unknown
	Maximum pool size: undefined/unknown
2025-10-17T12:27:42.425+05:30  INFO 32796 --- [backend] [restartedMain] o.h.e.t.j.p.i.JtaPlatformInitiator       : HHH000489: No JTA platform available (set 'hibernate.transaction.jta.platform' to enable JTA platform integration)
2025-10-17T12:27:42.525+05:30  INFO 32796 --- [backend] [restartedMain] j.LocalContainerEntityManagerFactoryBean : Initialized JPA EntityManagerFactory for persistence unit 'default'
2025-10-17T12:27:42.878+05:30  WARN 32796 --- [backend] [restartedMain] JpaBaseConfiguration$JpaWebConfiguration : spring.jpa.open-in-view is enabled by default. Therefore, database queries may be performed during view rendering. Explicitly configure spring.jpa.open-in-view to disable this warning
2025-10-17T12:27:43.341+05:30  INFO 32796 --- [backend] [restartedMain] o.s.b.d.a.OptionalLiveReloadServer       : LiveReload server is running on port 35729
2025-10-17T12:27:43.380+05:30  INFO 32796 --- [backend] [restartedMain] o.s.b.w.embedded.tomcat.TomcatWebServer  : Tomcat started on port 8081 (http) with context path '/'
2025-10-17T12:27:43.387+05:30  INFO 32796 --- [backend] [restartedMain] c.omnishop.backend.BackendApplication    : Started BackendApplication in 5.381 seconds (process running for 5.829)
2025-10-17T12:29:27.685+05:30  INFO 32796 --- [backend] [http-nio-8081-exec-1] o.a.c.c.C.[Tomcat].[localhost].[/]       : Initializing Spring DispatcherServlet 'dispatcherServlet'
2025-10-17T12:29:27.686+05:30  INFO 32796 --- [backend] [http-nio-8081-exec-1] o.s.web.servlet.DispatcherServlet        : Initializing Servlet 'dispatcherServlet'
2025-10-17T12:29:27.689+05:30  INFO 32796 --- [backend] [http-nio-8081-exec-1] o.s.web.servlet.DispatcherServlet        : Completed initialization in 3 ms
2025-10-17T12:29:27.873+05:30  WARN 32796 --- [backend] [http-nio-8081-exec-1] .w.s.m.s.DefaultHandlerExceptionResolver : Resolved [org.springframework.web.bind.MissingServletRequestParameterException: Required request parameter 'message' for method parameter type String is not present]
2025-10-17T12:30:04.916+05:30  WARN 32796 --- [backend] [http-nio-8081-exec-4] .w.s.m.s.DefaultHandlerExceptionResolver : Resolved [org.springframework.web.bind.MissingServletRequestParameterException: Required request parameter 'message' for method parameter type String is not present]
2025-10-17T12:31:02.343+05:30  WARN 32796 --- [backend] [http-nio-8081-exec-6] .w.s.m.s.DefaultHandlerExceptionResolver : Resolved [org.springframework.web.bind.MissingServletRequestParameterException: Required request parameter 'message' for method parameter type String is not present]
2025-10-17T12:31:40.124+05:30  INFO 32796 --- [backend] [SpringApplicationShutdownHook] o.s.b.w.e.tomcat.GracefulShutdown        : Commencing graceful shutdown. Waiting for active requests to complete
2025-10-17T12:31:40.131+05:30  INFO 32796 --- [backend] [tomcat-shutdown] o.s.b.w.e.tomcat.GracefulShutdown        : Graceful shutdown complete
2025-10-17T12:31:40.146+05:30  INFO 32796 --- [backend] [SpringApplicationShutdownHook] j.LocalContainerEntityManagerFactoryBean : Closing JPA EntityManagerFactory for persistence unit 'default'
2025-10-17T12:31:40.151+05:30  INFO 32796 --- [backend] [SpringApplicationShutdownHook] com.zaxxer.hikari.HikariDataSource       : HikariPool-1 - Shutdown initiated...
2025-10-17T12:31:40.163+05:30  INFO 32796 --- [backend] [SpringApplicationShutdownHook] com.zaxxer.hikari.HikariDataSource       : HikariPool-1 - Shutdown completed.
2025-10-17T12:31:43.591+05:30  INFO 1664 --- [backend] [restartedMain] c.omnishop.backend.BackendApplication    : Starting BackendApplication using Java 24.0.2 with PID 1664 (C:\Users\Rakesh\CV_Projects\Omnishop\backend\target\classes started by Rakesh in C:\Users\Rakesh\CV_Projects\Omnishop\backend)
2025-10-17T12:31:43.593+05:30  INFO 1664 --- [backend] [restartedMain] c.omnishop.backend.BackendApplication    : No active profile set, falling back to 1 default profile: "default"
2025-10-17T12:31:43.648+05:30  INFO 1664 --- [backend] [restartedMain] .e.DevToolsPropertyDefaultsPostProcessor : Devtools property defaults active! Set 'spring.devtools.add-properties' to 'false' to disable
2025-10-17T12:31:43.648+05:30  INFO 1664 --- [backend] [restartedMain] .e.DevToolsPropertyDefaultsPostProcessor : For additional web related logging consider setting the 'logging.level.web' property to 'DEBUG'
2025-10-17T12:31:44.502+05:30  INFO 1664 --- [backend] [restartedMain] .s.d.r.c.RepositoryConfigurationDelegate : Multiple Spring Data modules found, entering strict repository configuration mode
2025-10-17T12:31:44.504+05:30  INFO 1664 --- [backend] [restartedMain] .s.d.r.c.RepositoryConfigurationDelegate : Bootstrapping Spring Data JPA repositories in DEFAULT mode.
2025-10-17T12:31:44.623+05:30  INFO 1664 --- [backend] [restartedMain] .s.d.r.c.RepositoryConfigurationDelegate : Finished Spring Data repository scanning in 105 ms. Found 1 JPA repository interface.
2025-10-17T12:31:44.645+05:30  INFO 1664 --- [backend] [restartedMain] .s.d.r.c.RepositoryConfigurationDelegate : Multiple Spring Data modules found, entering strict repository configuration mode
2025-10-17T12:31:44.646+05:30  INFO 1664 --- [backend] [restartedMain] .s.d.r.c.RepositoryConfigurationDelegate : Bootstrapping Spring Data Redis repositories in DEFAULT mode.
2025-10-17T12:31:44.664+05:30  INFO 1664 --- [backend] [restartedMain] .RepositoryConfigurationExtensionSupport : Spring Data Redis - Could not safely identify store assignment for repository candidate interface com.omnishop.backend.repository.TestRepository; If you want this repository to be a Redis repository, consider annotating your entities with one of these annotations: org.springframework.data.redis.core.RedisHash (preferred), or consider extending one of the following types with your repository: org.springframework.data.keyvalue.repository.KeyValueRepository
2025-10-17T12:31:44.664+05:30  INFO 1664 --- [backend] [restartedMain] .s.d.r.c.RepositoryConfigurationDelegate : Finished Spring Data repository scanning in 4 ms. Found 0 Redis repository interfaces.
2025-10-17T12:31:45.309+05:30  INFO 1664 --- [backend] [restartedMain] o.s.b.w.embedded.tomcat.TomcatWebServer  : Tomcat initialized with port 8081 (http)
2025-10-17T12:31:45.327+05:30  INFO 1664 --- [backend] [restartedMain] o.apache.catalina.core.StandardService   : Starting service [Tomcat]
2025-10-17T12:31:45.327+05:30  INFO 1664 --- [backend] [restartedMain] o.apache.catalina.core.StandardEngine    : Starting Servlet engine: [Apache Tomcat/10.1.46]
2025-10-17T12:31:45.374+05:30  INFO 1664 --- [backend] [restartedMain] o.a.c.c.C.[Tomcat].[localhost].[/]       : Initializing Spring embedded WebApplicationContext
2025-10-17T12:31:45.375+05:30  INFO 1664 --- [backend] [restartedMain] w.s.c.ServletWebServerApplicationContext : Root WebApplicationContext: initialization completed in 1726 ms
2025-10-17T12:31:45.876+05:30  INFO 1664 --- [backend] [restartedMain] o.hibernate.jpa.internal.util.LogHelper  : HHH000204: Processing PersistenceUnitInfo [name: default]
2025-10-17T12:31:45.948+05:30  INFO 1664 --- [backend] [restartedMain] org.hibernate.Version                    : HHH000412: Hibernate ORM core version 6.6.29.Final
2025-10-17T12:31:45.997+05:30  INFO 1664 --- [backend] [restartedMain] o.h.c.internal.RegionFactoryInitiator    : HHH000026: Second-level cache disabled
2025-10-17T12:31:46.250+05:30  INFO 1664 --- [backend] [restartedMain] o.s.o.j.p.SpringPersistenceUnitInfo      : No LoadTimeWeaver setup: ignoring JPA class transformer
2025-10-17T12:31:46.275+05:30  INFO 1664 --- [backend] [restartedMain] com.zaxxer.hikari.HikariDataSource       : HikariPool-1 - Starting...
2025-10-17T12:31:46.789+05:30  INFO 1664 --- [backend] [restartedMain] com.zaxxer.hikari.pool.HikariPool        : HikariPool-1 - Added connection com.mysql.cj.jdbc.ConnectionImpl@5cf8ef55
2025-10-17T12:31:46.790+05:30  INFO 1664 --- [backend] [restartedMain] com.zaxxer.hikari.HikariDataSource       : HikariPool-1 - Start completed.
2025-10-17T12:31:46.848+05:30  WARN 1664 --- [backend] [restartedMain] org.hibernate.orm.deprecation            : HHH90000025: MySQLDialect does not need to be specified explicitly using 'hibernate.dialect' (remove the property setting and it will be selected by default)
2025-10-17T12:31:46.869+05:30  INFO 1664 --- [backend] [restartedMain] org.hibernate.orm.connections.pooling    : HHH10001005: Database info:
	Database JDBC URL [Connecting through datasource 'HikariDataSource (HikariPool-1)']
	Database driver: undefined/unknown
	Database version: 8.0.36
	Autocommit mode: undefined/unknown
	Isolation level: undefined/unknown
	Minimum pool size: undefined/unknown
	Maximum pool size: undefined/unknown
2025-10-17T12:31:47.752+05:30  INFO 1664 --- [backend] [restartedMain] o.h.e.t.j.p.i.JtaPlatformInitiator       : HHH000489: No JTA platform available (set 'hibernate.transaction.jta.platform' to enable JTA platform integration)
2025-10-17T12:31:47.819+05:30  INFO 1664 --- [backend] [restartedMain] j.LocalContainerEntityManagerFactoryBean : Initialized JPA EntityManagerFactory for persistence unit 'default'
2025-10-17T12:31:48.143+05:30  WARN 1664 --- [backend] [restartedMain] JpaBaseConfiguration$JpaWebConfiguration : spring.jpa.open-in-view is enabled by default. Therefore, database queries may be performed during view rendering. Explicitly configure spring.jpa.open-in-view to disable this warning
2025-10-17T12:31:48.656+05:30  INFO 1664 --- [backend] [restartedMain] o.s.b.d.a.OptionalLiveReloadServer       : LiveReload server is running on port 35729
2025-10-17T12:31:48.692+05:30  INFO 1664 --- [backend] [restartedMain] o.s.b.w.embedded.tomcat.TomcatWebServer  : Tomcat started on port 8081 (http) with context path '/'
2025-10-17T12:31:48.702+05:30  INFO 1664 --- [backend] [restartedMain] c.omnishop.backend.BackendApplication    : Started BackendApplication in 5.618 seconds (process running for 6.047)
2025-10-17T12:31:54.927+05:30  INFO 1664 --- [backend] [http-nio-8081-exec-2] o.a.c.c.C.[Tomcat].[localhost].[/]       : Initializing Spring DispatcherServlet 'dispatcherServlet'
2025-10-17T12:31:54.928+05:30  INFO 1664 --- [backend] [http-nio-8081-exec-2] o.s.web.servlet.DispatcherServlet        : Initializing Servlet 'dispatcherServlet'
2025-10-17T12:31:54.928+05:30  INFO 1664 --- [backend] [http-nio-8081-exec-2] o.s.web.servlet.DispatcherServlet        : Completed initialization in 0 ms
2025-10-17T12:31:55.350+05:30 ERROR 1664 --- [backend] [http-nio-8081-exec-2] o.a.c.c.C.[.[.[/].[dispatcherServlet]    : Servlet.service() for servlet [dispatcherServlet] in context with path [] threw exception [Request processing failed: org.springframework.data.redis.serializer.SerializationException: Cannot serialize] with root cause

java.lang.IllegalArgumentException: DefaultSerializer requires a Serializable payload but received an object of type [com.omnishop.backend.entity.TestEntity]
	at org.springframework.core.serializer.DefaultSerializer.serialize(DefaultSerializer.java:43) ~[spring-core-6.2.11.jar:6.2.11]
	at org.springframework.core.serializer.Serializer.serializeToByteArray(Serializer.java:56) ~[spring-core-6.2.11.jar:6.2.11]
	at org.springframework.core.serializer.support.SerializingConverter.convert(SerializingConverter.java:60) ~[spring-core-6.2.11.jar:6.2.11]
	at org.springframework.core.serializer.support.SerializingConverter.convert(SerializingConverter.java:33) ~[spring-core-6.2.11.jar:6.2.11]
	at org.springframework.data.redis.serializer.JdkSerializationRedisSerializer.serialize(JdkSerializationRedisSerializer.java:96) ~[spring-data-redis-3.5.4.jar:3.5.4]
	at org.springframework.data.redis.serializer.DefaultRedisElementWriter.write(DefaultRedisElementWriter.java:42) ~[spring-data-redis-3.5.4.jar:3.5.4]
	at org.springframework.data.redis.serializer.RedisSerializationContext$SerializationPair.write(RedisSerializationContext.java:292) ~[spring-data-redis-3.5.4.jar:3.5.4]
	at org.springframework.data.redis.cache.RedisCache.serializeCacheValue(RedisCache.java:343) ~[spring-data-redis-3.5.4.jar:3.5.4]
	at org.springframework.data.redis.cache.RedisCache.put(RedisCache.java:204) ~[spring-data-redis-3.5.4.jar:3.5.4]
	at org.springframework.cache.interceptor.AbstractCacheInvoker.doPut(AbstractCacheInvoker.java:157) ~[spring-context-6.2.11.jar:6.2.11]
	at org.springframework.cache.interceptor.CacheAspectSupport$CachePutRequest.performCachePut(CacheAspectSupport.java:1087) ~[spring-context-6.2.11.jar:6.2.11]
	at org.springframework.cache.interceptor.CacheAspectSupport$CachePutRequest.apply(CacheAspectSupport.java:1072) ~[spring-context-6.2.11.jar:6.2.11]
	at org.springframework.cache.interceptor.CacheAspectSupport.evaluate(CacheAspectSupport.java:616) ~[spring-context-6.2.11.jar:6.2.11]
	at org.springframework.cache.interceptor.CacheAspectSupport.execute(CacheAspectSupport.java:448) ~[spring-context-6.2.11.jar:6.2.11]
	at org.springframework.cache.interceptor.CacheAspectSupport.execute(CacheAspectSupport.java:410) ~[spring-context-6.2.11.jar:6.2.11]
	at org.springframework.cache.interceptor.CacheInterceptor.invoke(CacheInterceptor.java:65) ~[spring-context-6.2.11.jar:6.2.11]
	at org.springframework.aop.framework.ReflectiveMethodInvocation.proceed(ReflectiveMethodInvocation.java:184) ~[spring-aop-6.2.11.jar:6.2.11]
	at org.springframework.aop.framework.CglibAopProxy$DynamicAdvisedInterceptor.intercept(CglibAopProxy.java:728) ~[spring-aop-6.2.11.jar:6.2.11]
	at com.omnishop.backend.controller.TestController$$SpringCGLIB$$0.save(<generated>) ~[classes/:na]
	at java.base/jdk.internal.reflect.DirectMethodHandleAccessor.invoke(DirectMethodHandleAccessor.java:104) ~[na:na]
	at java.base/java.lang.reflect.Method.invoke(Method.java:565) ~[na:na]
	at org.springframework.web.method.support.InvocableHandlerMethod.doInvoke(InvocableHandlerMethod.java:258) ~[spring-web-6.2.11.jar:6.2.11]
	at org.springframework.web.method.support.InvocableHandlerMethod.invokeForRequest(InvocableHandlerMethod.java:191) ~[spring-web-6.2.11.jar:6.2.11]
	at org.springframework.web.servlet.mvc.method.annotation.ServletInvocableHandlerMethod.invokeAndHandle(ServletInvocableHandlerMethod.java:118) ~[spring-webmvc-6.2.11.jar:6.2.11]
	at org.springframework.web.servlet.mvc.method.annotation.RequestMappingHandlerAdapter.invokeHandlerMethod(RequestMappingHandlerAdapter.java:991) ~[spring-webmvc-6.2.11.jar:6.2.11]
	at org.springframework.web.servlet.mvc.method.annotation.RequestMappingHandlerAdapter.handleInternal(RequestMappingHandlerAdapter.java:896) ~[spring-webmvc-6.2.11.jar:6.2.11]
	at org.springframework.web.servlet.mvc.method.AbstractHandlerMethodAdapter.handle(AbstractHandlerMethodAdapter.java:87) ~[spring-webmvc-6.2.11.jar:6.2.11]
	at org.springframework.web.servlet.DispatcherServlet.doDispatch(DispatcherServlet.java:1089) ~[spring-webmvc-6.2.11.jar:6.2.11]
	at org.springframework.web.servlet.DispatcherServlet.doService(DispatcherServlet.java:979) ~[spring-webmvc-6.2.11.jar:6.2.11]
	at org.springframework.web.servlet.FrameworkServlet.processRequest(FrameworkServlet.java:1014) ~[spring-webmvc-6.2.11.jar:6.2.11]
	at org.springframework.web.servlet.FrameworkServlet.doPost(FrameworkServlet.java:914) ~[spring-webmvc-6.2.11.jar:6.2.11]
	at jakarta.servlet.http.HttpServlet.service(HttpServlet.java:590) ~[tomcat-embed-core-10.1.46.jar:6.0]
	at org.springframework.web.servlet.FrameworkServlet.service(FrameworkServlet.java:885) ~[spring-webmvc-6.2.11.jar:6.2.11]
	at jakarta.servlet.http.HttpServlet.service(HttpServlet.java:658) ~[tomcat-embed-core-10.1.46.jar:6.0]
	at org.apache.catalina.core.ApplicationFilterChain.internalDoFilter(ApplicationFilterChain.java:195) ~[tomcat-embed-core-10.1.46.jar:10.1.46]
	at org.apache.catalina.core.ApplicationFilterChain.doFilter(ApplicationFilterChain.java:140) ~[tomcat-embed-core-10.1.46.jar:10.1.46]
	at org.apache.tomcat.websocket.server.WsFilter.doFilter(WsFilter.java:51) ~[tomcat-embed-websocket-10.1.46.jar:10.1.46]
	at org.apache.catalina.core.ApplicationFilterChain.internalDoFilter(ApplicationFilterChain.java:164) ~[tomcat-embed-core-10.1.46.jar:10.1.46]
	at org.apache.catalina.core.ApplicationFilterChain.doFilter(ApplicationFilterChain.java:140) ~[tomcat-embed-core-10.1.46.jar:10.1.46]
	at org.springframework.web.filter.RequestContextFilter.doFilterInternal(RequestContextFilter.java:100) ~[spring-web-6.2.11.jar:6.2.11]
	at org.springframework.web.filter.OncePerRequestFilter.doFilter(OncePerRequestFilter.java:116) ~[spring-web-6.2.11.jar:6.2.11]
	at org.apache.catalina.core.ApplicationFilterChain.internalDoFilter(ApplicationFilterChain.java:164) ~[tomcat-embed-core-10.1.46.jar:10.1.46]
	at org.apache.catalina.core.ApplicationFilterChain.doFilter(ApplicationFilterChain.java:140) ~[tomcat-embed-core-10.1.46.jar:10.1.46]
	at org.springframework.web.filter.FormContentFilter.doFilterInternal(FormContentFilter.java:93) ~[spring-web-6.2.11.jar:6.2.11]
	at org.springframework.web.filter.OncePerRequestFilter.doFilter(OncePerRequestFilter.java:116) ~[spring-web-6.2.11.jar:6.2.11]
	at org.apache.catalina.core.ApplicationFilterChain.internalDoFilter(ApplicationFilterChain.java:164) ~[tomcat-embed-core-10.1.46.jar:10.1.46]
	at org.apache.catalina.core.ApplicationFilterChain.doFilter(ApplicationFilterChain.java:140) ~[tomcat-embed-core-10.1.46.jar:10.1.46]
	at org.springframework.web.filter.CharacterEncodingFilter.doFilterInternal(CharacterEncodingFilter.java:201) ~[spring-web-6.2.11.jar:6.2.11]
	at org.springframework.web.filter.OncePerRequestFilter.doFilter(OncePerRequestFilter.java:116) ~[spring-web-6.2.11.jar:6.2.11]
	at org.apache.catalina.core.ApplicationFilterChain.internalDoFilter(ApplicationFilterChain.java:164) ~[tomcat-embed-core-10.1.46.jar:10.1.46]
	at org.apache.catalina.core.ApplicationFilterChain.doFilter(ApplicationFilterChain.java:140) ~[tomcat-embed-core-10.1.46.jar:10.1.46]
	at org.apache.catalina.core.StandardWrapperValve.invoke(StandardWrapperValve.java:167) ~[tomcat-embed-core-10.1.46.jar:10.1.46]
	at org.apache.catalina.core.StandardContextValve.invoke(StandardContextValve.java:90) ~[tomcat-embed-core-10.1.46.jar:10.1.46]
	at org.apache.catalina.authenticator.AuthenticatorBase.invoke(AuthenticatorBase.java:483) ~[tomcat-embed-core-10.1.46.jar:10.1.46]
	at org.apache.catalina.core.StandardHostValve.invoke(StandardHostValve.java:116) ~[tomcat-embed-core-10.1.46.jar:10.1.46]
	at org.apache.catalina.valves.ErrorReportValve.invoke(ErrorReportValve.java:93) ~[tomcat-embed-core-10.1.46.jar:10.1.46]
	at org.apache.catalina.core.StandardEngineValve.invoke(StandardEngineValve.java:74) ~[tomcat-embed-core-10.1.46.jar:10.1.46]
	at org.apache.catalina.connector.CoyoteAdapter.service(CoyoteAdapter.java:344) ~[tomcat-embed-core-10.1.46.jar:10.1.46]
	at org.apache.coyote.http11.Http11Processor.service(Http11Processor.java:398) ~[tomcat-embed-core-10.1.46.jar:10.1.46]
	at org.apache.coyote.AbstractProcessorLight.process(AbstractProcessorLight.java:63) ~[tomcat-embed-core-10.1.46.jar:10.1.46]
	at org.apache.coyote.AbstractProtocol$ConnectionHandler.process(AbstractProtocol.java:903) ~[tomcat-embed-core-10.1.46.jar:10.1.46]
	at org.apache.tomcat.util.net.NioEndpoint$SocketProcessor.doRun(NioEndpoint.java:1776) ~[tomcat-embed-core-10.1.46.jar:10.1.46]
	at org.apache.tomcat.util.net.SocketProcessorBase.run(SocketProcessorBase.java:52) ~[tomcat-embed-core-10.1.46.jar:10.1.46]
	at org.apache.tomcat.util.threads.ThreadPoolExecutor.runWorker(ThreadPoolExecutor.java:975) ~[tomcat-embed-core-10.1.46.jar:10.1.46]
	at org.apache.tomcat.util.threads.ThreadPoolExecutor$Worker.run(ThreadPoolExecutor.java:493) ~[tomcat-embed-core-10.1.46.jar:10.1.46]
	at org.apache.tomcat.util.threads.TaskThread$WrappingRunnable.run(TaskThread.java:63) ~[tomcat-embed-core-10.1.46.jar:10.1.46]
	at java.base/java.lang.Thread.run(Thread.java:1447) ~[na:na]

2025-10-17T12:33:00.323+05:30  INFO 1664 --- [backend] [SpringApplicationShutdownHook] o.s.b.w.e.tomcat.GracefulShutdown        : Commencing graceful shutdown. Waiting for active requests to complete
2025-10-17T12:33:00.336+05:30  INFO 1664 --- [backend] [tomcat-shutdown] o.s.b.w.e.tomcat.GracefulShutdown        : Graceful shutdown complete
2025-10-17T12:33:00.344+05:30  INFO 1664 --- [backend] [SpringApplicationShutdownHook] j.LocalContainerEntityManagerFactoryBean : Closing JPA EntityManagerFactory for persistence unit 'default'
2025-10-17T12:33:00.346+05:30  INFO 1664 --- [backend] [SpringApplicationShutdownHook] com.zaxxer.hikari.HikariDataSource       : HikariPool-1 - Shutdown initiated...
2025-10-17T12:33:00.350+05:30  INFO 1664 --- [backend] [SpringApplicationShutdownHook] com.zaxxer.hikari.HikariDataSource       : HikariPool-1 - Shutdown completed.
2025-10-17T12:33:04.308+05:30  INFO 27820 --- [backend] [restartedMain] c.omnishop.backend.BackendApplication    : Starting BackendApplication using Java 24.0.2 with PID 27820 (C:\Users\Rakesh\CV_Projects\Omnishop\backend\target\classes started by Rakesh in C:\Users\Rakesh\CV_Projects\Omnishop\backend)
2025-10-17T12:33:04.310+05:30  INFO 27820 --- [backend] [restartedMain] c.omnishop.backend.BackendApplication    : No active profile set, falling back to 1 default profile: "default"
2025-10-17T12:33:04.361+05:30  INFO 27820 --- [backend] [restartedMain] .e.DevToolsPropertyDefaultsPostProcessor : Devtools property defaults active! Set 'spring.devtools.add-properties' to 'false' to disable
2025-10-17T12:33:04.361+05:30  INFO 27820 --- [backend] [restartedMain] .e.DevToolsPropertyDefaultsPostProcessor : For additional web related logging consider setting the 'logging.level.web' property to 'DEBUG'
2025-10-17T12:33:05.229+05:30  INFO 27820 --- [backend] [restartedMain] .s.d.r.c.RepositoryConfigurationDelegate : Multiple Spring Data modules found, entering strict repository configuration mode
2025-10-17T12:33:05.230+05:30  INFO 27820 --- [backend] [restartedMain] .s.d.r.c.RepositoryConfigurationDelegate : Bootstrapping Spring Data JPA repositories in DEFAULT mode.
2025-10-17T12:33:05.348+05:30  INFO 27820 --- [backend] [restartedMain] .s.d.r.c.RepositoryConfigurationDelegate : Finished Spring Data repository scanning in 106 ms. Found 1 JPA repository interface.
2025-10-17T12:33:05.370+05:30  INFO 27820 --- [backend] [restartedMain] .s.d.r.c.RepositoryConfigurationDelegate : Multiple Spring Data modules found, entering strict repository configuration mode
2025-10-17T12:33:05.371+05:30  INFO 27820 --- [backend] [restartedMain] .s.d.r.c.RepositoryConfigurationDelegate : Bootstrapping Spring Data Redis repositories in DEFAULT mode.
2025-10-17T12:33:05.386+05:30  INFO 27820 --- [backend] [restartedMain] .RepositoryConfigurationExtensionSupport : Spring Data Redis - Could not safely identify store assignment for repository candidate interface com.omnishop.backend.repository.TestRepository; If you want this repository to be a Redis repository, consider annotating your entities with one of these annotations: org.springframework.data.redis.core.RedisHash (preferred), or consider extending one of the following types with your repository: org.springframework.data.keyvalue.repository.KeyValueRepository
2025-10-17T12:33:05.387+05:30  INFO 27820 --- [backend] [restartedMain] .s.d.r.c.RepositoryConfigurationDelegate : Finished Spring Data repository scanning in 6 ms. Found 0 Redis repository interfaces.
2025-10-17T12:33:06.016+05:30  INFO 27820 --- [backend] [restartedMain] o.s.b.w.embedded.tomcat.TomcatWebServer  : Tomcat initialized with port 8081 (http)
2025-10-17T12:33:06.031+05:30  INFO 27820 --- [backend] [restartedMain] o.apache.catalina.core.StandardService   : Starting service [Tomcat]
2025-10-17T12:33:06.032+05:30  INFO 27820 --- [backend] [restartedMain] o.apache.catalina.core.StandardEngine    : Starting Servlet engine: [Apache Tomcat/10.1.46]
2025-10-17T12:33:06.080+05:30  INFO 27820 --- [backend] [restartedMain] o.a.c.c.C.[Tomcat].[localhost].[/]       : Initializing Spring embedded WebApplicationContext
2025-10-17T12:33:06.080+05:30  INFO 27820 --- [backend] [restartedMain] w.s.c.ServletWebServerApplicationContext : Root WebApplicationContext: initialization completed in 1718 ms
2025-10-17T12:33:06.559+05:30  INFO 27820 --- [backend] [restartedMain] o.hibernate.jpa.internal.util.LogHelper  : HHH000204: Processing PersistenceUnitInfo [name: default]
2025-10-17T12:33:06.620+05:30  INFO 27820 --- [backend] [restartedMain] org.hibernate.Version                    : HHH000412: Hibernate ORM core version 6.6.29.Final
2025-10-17T12:33:06.659+05:30  INFO 27820 --- [backend] [restartedMain] o.h.c.internal.RegionFactoryInitiator    : HHH000026: Second-level cache disabled
2025-10-17T12:33:06.935+05:30  INFO 27820 --- [backend] [restartedMain] o.s.o.j.p.SpringPersistenceUnitInfo      : No LoadTimeWeaver setup: ignoring JPA class transformer
2025-10-17T12:33:06.962+05:30  INFO 27820 --- [backend] [restartedMain] com.zaxxer.hikari.HikariDataSource       : HikariPool-1 - Starting...
2025-10-17T12:33:07.457+05:30  INFO 27820 --- [backend] [restartedMain] com.zaxxer.hikari.pool.HikariPool        : HikariPool-1 - Added connection com.mysql.cj.jdbc.ConnectionImpl@703ec0e0
2025-10-17T12:33:07.459+05:30  INFO 27820 --- [backend] [restartedMain] com.zaxxer.hikari.HikariDataSource       : HikariPool-1 - Start completed.
2025-10-17T12:33:07.518+05:30  WARN 27820 --- [backend] [restartedMain] org.hibernate.orm.deprecation            : HHH90000025: MySQLDialect does not need to be specified explicitly using 'hibernate.dialect' (remove the property setting and it will be selected by default)
2025-10-17T12:33:07.535+05:30  INFO 27820 --- [backend] [restartedMain] org.hibernate.orm.connections.pooling    : HHH10001005: Database info:
	Database JDBC URL [Connecting through datasource 'HikariDataSource (HikariPool-1)']
	Database driver: undefined/unknown
	Database version: 8.0.36
	Autocommit mode: undefined/unknown
	Isolation level: undefined/unknown
	Minimum pool size: undefined/unknown
	Maximum pool size: undefined/unknown
2025-10-17T12:33:08.302+05:30  INFO 27820 --- [backend] [restartedMain] o.h.e.t.j.p.i.JtaPlatformInitiator       : HHH000489: No JTA platform available (set 'hibernate.transaction.jta.platform' to enable JTA platform integration)
2025-10-17T12:33:08.365+05:30  INFO 27820 --- [backend] [restartedMain] j.LocalContainerEntityManagerFactoryBean : Initialized JPA EntityManagerFactory for persistence unit 'default'
2025-10-17T12:33:08.690+05:30  WARN 27820 --- [backend] [restartedMain] JpaBaseConfiguration$JpaWebConfiguration : spring.jpa.open-in-view is enabled by default. Therefore, database queries may be performed during view rendering. Explicitly configure spring.jpa.open-in-view to disable this warning
2025-10-17T12:33:09.141+05:30  INFO 27820 --- [backend] [restartedMain] o.s.b.d.a.OptionalLiveReloadServer       : LiveReload server is running on port 35729
2025-10-17T12:33:09.176+05:30  INFO 27820 --- [backend] [restartedMain] o.s.b.w.embedded.tomcat.TomcatWebServer  : Tomcat started on port 8081 (http) with context path '/'
2025-10-17T12:33:09.185+05:30  INFO 27820 --- [backend] [restartedMain] c.omnishop.backend.BackendApplication    : Started BackendApplication in 5.375 seconds (process running for 5.803)
2025-10-17T12:33:11.594+05:30  INFO 27820 --- [backend] [http-nio-8081-exec-1] o.a.c.c.C.[Tomcat].[localhost].[/]       : Initializing Spring DispatcherServlet 'dispatcherServlet'
2025-10-17T12:33:11.594+05:30  INFO 27820 --- [backend] [http-nio-8081-exec-1] o.s.web.servlet.DispatcherServlet        : Initializing Servlet 'dispatcherServlet'
2025-10-17T12:33:11.595+05:30  INFO 27820 --- [backend] [http-nio-8081-exec-1] o.s.web.servlet.DispatcherServlet        : Completed initialization in 1 ms
2025-10-17T12:37:54.651+05:30  INFO 27820 --- [backend] [SpringApplicationShutdownHook] o.s.b.w.e.tomcat.GracefulShutdown        : Commencing graceful shutdown. Waiting for active requests to complete
2025-10-17T12:37:54.664+05:30  INFO 27820 --- [backend] [tomcat-shutdown] o.s.b.w.e.tomcat.GracefulShutdown        : Graceful shutdown complete
2025-10-17T12:37:54.678+05:30  INFO 27820 --- [backend] [SpringApplicationShutdownHook] j.LocalContainerEntityManagerFactoryBean : Closing JPA EntityManagerFactory for persistence unit 'default'
2025-10-17T12:37:54.681+05:30  INFO 27820 --- [backend] [SpringApplicationShutdownHook] com.zaxxer.hikari.HikariDataSource       : HikariPool-1 - Shutdown initiated...
2025-10-17T12:37:54.695+05:30  INFO 27820 --- [backend] [SpringApplicationShutdownHook] com.zaxxer.hikari.HikariDataSource       : HikariPool-1 - Shutdown completed.
2025-10-17T12:37:58.374+05:30  INFO 16096 --- [backend] [restartedMain] c.omnishop.backend.BackendApplication    : Starting BackendApplication using Java 24.0.2 with PID 16096 (C:\Users\Rakesh\CV_Projects\Omnishop\backend\target\classes started by Rakesh in C:\Users\Rakesh\CV_Projects\Omnishop\backend)
2025-10-17T12:37:58.375+05:30  INFO 16096 --- [backend] [restartedMain] c.omnishop.backend.BackendApplication    : No active profile set, falling back to 1 default profile: "default"
2025-10-17T12:37:58.431+05:30  INFO 16096 --- [backend] [restartedMain] .e.DevToolsPropertyDefaultsPostProcessor : Devtools property defaults active! Set 'spring.devtools.add-properties' to 'false' to disable
2025-10-17T12:37:58.432+05:30  INFO 16096 --- [backend] [restartedMain] .e.DevToolsPropertyDefaultsPostProcessor : For additional web related logging consider setting the 'logging.level.web' property to 'DEBUG'
2025-10-17T12:37:59.350+05:30  INFO 16096 --- [backend] [restartedMain] .s.d.r.c.RepositoryConfigurationDelegate : Multiple Spring Data modules found, entering strict repository configuration mode
2025-10-17T12:37:59.352+05:30  INFO 16096 --- [backend] [restartedMain] .s.d.r.c.RepositoryConfigurationDelegate : Bootstrapping Spring Data JPA repositories in DEFAULT mode.
2025-10-17T12:37:59.490+05:30  INFO 16096 --- [backend] [restartedMain] .s.d.r.c.RepositoryConfigurationDelegate : Finished Spring Data repository scanning in 125 ms. Found 1 JPA repository interface.
2025-10-17T12:37:59.509+05:30  INFO 16096 --- [backend] [restartedMain] .s.d.r.c.RepositoryConfigurationDelegate : Multiple Spring Data modules found, entering strict repository configuration mode
2025-10-17T12:37:59.511+05:30  INFO 16096 --- [backend] [restartedMain] .s.d.r.c.RepositoryConfigurationDelegate : Bootstrapping Spring Data Redis repositories in DEFAULT mode.
2025-10-17T12:37:59.522+05:30  INFO 16096 --- [backend] [restartedMain] .RepositoryConfigurationExtensionSupport : Spring Data Redis - Could not safely identify store assignment for repository candidate interface com.omnishop.backend.repository.TestRepository; If you want this repository to be a Redis repository, consider annotating your entities with one of these annotations: org.springframework.data.redis.core.RedisHash (preferred), or consider extending one of the following types with your repository: org.springframework.data.keyvalue.repository.KeyValueRepository
2025-10-17T12:37:59.524+05:30  INFO 16096 --- [backend] [restartedMain] .s.d.r.c.RepositoryConfigurationDelegate : Finished Spring Data repository scanning in 4 ms. Found 0 Redis repository interfaces.
2025-10-17T12:38:00.122+05:30  INFO 16096 --- [backend] [restartedMain] o.s.b.w.embedded.tomcat.TomcatWebServer  : Tomcat initialized with port 8081 (http)
2025-10-17T12:38:00.136+05:30  INFO 16096 --- [backend] [restartedMain] o.apache.catalina.core.StandardService   : Starting service [Tomcat]
2025-10-17T12:38:00.136+05:30  INFO 16096 --- [backend] [restartedMain] o.apache.catalina.core.StandardEngine    : Starting Servlet engine: [Apache Tomcat/10.1.46]
2025-10-17T12:38:00.181+05:30  INFO 16096 --- [backend] [restartedMain] o.a.c.c.C.[Tomcat].[localhost].[/]       : Initializing Spring embedded WebApplicationContext
2025-10-17T12:38:00.181+05:30  INFO 16096 --- [backend] [restartedMain] w.s.c.ServletWebServerApplicationContext : Root WebApplicationContext: initialization completed in 1749 ms
2025-10-17T12:38:00.640+05:30  INFO 16096 --- [backend] [restartedMain] o.hibernate.jpa.internal.util.LogHelper  : HHH000204: Processing PersistenceUnitInfo [name: default]
2025-10-17T12:38:00.695+05:30  INFO 16096 --- [backend] [restartedMain] org.hibernate.Version                    : HHH000412: Hibernate ORM core version 6.6.29.Final
2025-10-17T12:38:00.736+05:30  INFO 16096 --- [backend] [restartedMain] o.h.c.internal.RegionFactoryInitiator    : HHH000026: Second-level cache disabled
2025-10-17T12:38:00.995+05:30  INFO 16096 --- [backend] [restartedMain] o.s.o.j.p.SpringPersistenceUnitInfo      : No LoadTimeWeaver setup: ignoring JPA class transformer
2025-10-17T12:38:01.018+05:30  INFO 16096 --- [backend] [restartedMain] com.zaxxer.hikari.HikariDataSource       : HikariPool-1 - Starting...
2025-10-17T12:38:01.419+05:30  INFO 16096 --- [backend] [restartedMain] com.zaxxer.hikari.pool.HikariPool        : HikariPool-1 - Added connection com.mysql.cj.jdbc.ConnectionImpl@698c2fac
2025-10-17T12:38:01.421+05:30  INFO 16096 --- [backend] [restartedMain] com.zaxxer.hikari.HikariDataSource       : HikariPool-1 - Start completed.
2025-10-17T12:38:01.475+05:30  WARN 16096 --- [backend] [restartedMain] org.hibernate.orm.deprecation            : HHH90000025: MySQLDialect does not need to be specified explicitly using 'hibernate.dialect' (remove the property setting and it will be selected by default)
2025-10-17T12:38:01.494+05:30  INFO 16096 --- [backend] [restartedMain] org.hibernate.orm.connections.pooling    : HHH10001005: Database info:
	Database JDBC URL [Connecting through datasource 'HikariDataSource (HikariPool-1)']
	Database driver: undefined/unknown
	Database version: 8.0.36
	Autocommit mode: undefined/unknown
	Isolation level: undefined/unknown
	Minimum pool size: undefined/unknown
	Maximum pool size: undefined/unknown
2025-10-17T12:38:02.275+05:30  INFO 16096 --- [backend] [restartedMain] o.h.e.t.j.p.i.JtaPlatformInitiator       : HHH000489: No JTA platform available (set 'hibernate.transaction.jta.platform' to enable JTA platform integration)
2025-10-17T12:38:02.353+05:30  INFO 16096 --- [backend] [restartedMain] j.LocalContainerEntityManagerFactoryBean : Initialized JPA EntityManagerFactory for persistence unit 'default'
2025-10-17T12:38:02.898+05:30  WARN 16096 --- [backend] [restartedMain] JpaBaseConfiguration$JpaWebConfiguration : spring.jpa.open-in-view is enabled by default. Therefore, database queries may be performed during view rendering. Explicitly configure spring.jpa.open-in-view to disable this warning
2025-10-17T12:38:03.489+05:30  INFO 16096 --- [backend] [restartedMain] o.s.b.d.a.OptionalLiveReloadServer       : LiveReload server is running on port 35729
2025-10-17T12:38:03.528+05:30  INFO 16096 --- [backend] [restartedMain] o.s.b.w.embedded.tomcat.TomcatWebServer  : Tomcat started on port 8081 (http) with context path '/'
2025-10-17T12:38:03.539+05:30  INFO 16096 --- [backend] [restartedMain] c.omnishop.backend.BackendApplication    : Started BackendApplication in 5.7 seconds (process running for 6.198)
2025-10-17T12:38:58.356+05:30  INFO 16096 --- [backend] [SpringApplicationShutdownHook] o.s.b.w.e.tomcat.GracefulShutdown        : Commencing graceful shutdown. Waiting for active requests to complete
2025-10-17T12:38:58.370+05:30  INFO 16096 --- [backend] [tomcat-shutdown] o.s.b.w.e.tomcat.GracefulShutdown        : Graceful shutdown complete
2025-10-17T12:38:58.378+05:30  INFO 16096 --- [backend] [SpringApplicationShutdownHook] j.LocalContainerEntityManagerFactoryBean : Closing JPA EntityManagerFactory for persistence unit 'default'
2025-10-17T12:38:58.384+05:30  INFO 16096 --- [backend] [SpringApplicationShutdownHook] com.zaxxer.hikari.HikariDataSource       : HikariPool-1 - Shutdown initiated...
2025-10-17T12:38:58.389+05:30  INFO 16096 --- [backend] [SpringApplicationShutdownHook] com.zaxxer.hikari.HikariDataSource       : HikariPool-1 - Shutdown completed.
2025-10-17T12:39:01.865+05:30  INFO 33220 --- [backend] [restartedMain] c.omnishop.backend.BackendApplication    : Starting BackendApplication using Java 24.0.2 with PID 33220 (C:\Users\Rakesh\CV_Projects\Omnishop\backend\target\classes started by Rakesh in C:\Users\Rakesh\CV_Projects\Omnishop\backend)
2025-10-17T12:39:01.868+05:30  INFO 33220 --- [backend] [restartedMain] c.omnishop.backend.BackendApplication    : No active profile set, falling back to 1 default profile: "default"
2025-10-17T12:39:01.924+05:30  INFO 33220 --- [backend] [restartedMain] .e.DevToolsPropertyDefaultsPostProcessor : Devtools property defaults active! Set 'spring.devtools.add-properties' to 'false' to disable
2025-10-17T12:39:01.924+05:30  INFO 33220 --- [backend] [restartedMain] .e.DevToolsPropertyDefaultsPostProcessor : For additional web related logging consider setting the 'logging.level.web' property to 'DEBUG'
2025-10-17T12:39:02.763+05:30  INFO 33220 --- [backend] [restartedMain] .s.d.r.c.RepositoryConfigurationDelegate : Multiple Spring Data modules found, entering strict repository configuration mode
2025-10-17T12:39:02.765+05:30  INFO 33220 --- [backend] [restartedMain] .s.d.r.c.RepositoryConfigurationDelegate : Bootstrapping Spring Data JPA repositories in DEFAULT mode.
2025-10-17T12:39:02.884+05:30  INFO 33220 --- [backend] [restartedMain] .s.d.r.c.RepositoryConfigurationDelegate : Finished Spring Data repository scanning in 109 ms. Found 1 JPA repository interface.
2025-10-17T12:39:02.902+05:30  INFO 33220 --- [backend] [restartedMain] .s.d.r.c.RepositoryConfigurationDelegate : Multiple Spring Data modules found, entering strict repository configuration mode
2025-10-17T12:39:02.902+05:30  INFO 33220 --- [backend] [restartedMain] .s.d.r.c.RepositoryConfigurationDelegate : Bootstrapping Spring Data Redis repositories in DEFAULT mode.
2025-10-17T12:39:02.915+05:30  INFO 33220 --- [backend] [restartedMain] .RepositoryConfigurationExtensionSupport : Spring Data Redis - Could not safely identify store assignment for repository candidate interface com.omnishop.backend.repository.TestRepository; If you want this repository to be a Redis repository, consider annotating your entities with one of these annotations: org.springframework.data.redis.core.RedisHash (preferred), or consider extending one of the following types with your repository: org.springframework.data.keyvalue.repository.KeyValueRepository
2025-10-17T12:39:02.915+05:30  INFO 33220 --- [backend] [restartedMain] .s.d.r.c.RepositoryConfigurationDelegate : Finished Spring Data repository scanning in 5 ms. Found 0 Redis repository interfaces.
2025-10-17T12:39:03.574+05:30  INFO 33220 --- [backend] [restartedMain] o.s.b.w.embedded.tomcat.TomcatWebServer  : Tomcat initialized with port 8081 (http)
2025-10-17T12:39:03.589+05:30  INFO 33220 --- [backend] [restartedMain] o.apache.catalina.core.StandardService   : Starting service [Tomcat]
2025-10-17T12:39:03.589+05:30  INFO 33220 --- [backend] [restartedMain] o.apache.catalina.core.StandardEngine    : Starting Servlet engine: [Apache Tomcat/10.1.46]
2025-10-17T12:39:03.637+05:30  INFO 33220 --- [backend] [restartedMain] o.a.c.c.C.[Tomcat].[localhost].[/]       : Initializing Spring embedded WebApplicationContext
2025-10-17T12:39:03.638+05:30  INFO 33220 --- [backend] [restartedMain] w.s.c.ServletWebServerApplicationContext : Root WebApplicationContext: initialization completed in 1712 ms
2025-10-17T12:39:03.854+05:30  INFO 33220 --- [backend] [restartedMain] o.hibernate.jpa.internal.util.LogHelper  : HHH000204: Processing PersistenceUnitInfo [name: default]
2025-10-17T12:39:03.912+05:30  INFO 33220 --- [backend] [restartedMain] org.hibernate.Version                    : HHH000412: Hibernate ORM core version 6.6.29.Final
2025-10-17T12:39:03.949+05:30  INFO 33220 --- [backend] [restartedMain] o.h.c.internal.RegionFactoryInitiator    : HHH000026: Second-level cache disabled
2025-10-17T12:39:04.254+05:30  INFO 33220 --- [backend] [restartedMain] o.s.o.j.p.SpringPersistenceUnitInfo      : No LoadTimeWeaver setup: ignoring JPA class transformer
2025-10-17T12:39:04.276+05:30  INFO 33220 --- [backend] [restartedMain] com.zaxxer.hikari.HikariDataSource       : HikariPool-1 - Starting...
2025-10-17T12:39:04.709+05:30  INFO 33220 --- [backend] [restartedMain] com.zaxxer.hikari.pool.HikariPool        : HikariPool-1 - Added connection com.mysql.cj.jdbc.ConnectionImpl@74ef16b5
2025-10-17T12:39:04.711+05:30  INFO 33220 --- [backend] [restartedMain] com.zaxxer.hikari.HikariDataSource       : HikariPool-1 - Start completed.
2025-10-17T12:39:04.773+05:30  WARN 33220 --- [backend] [restartedMain] org.hibernate.orm.deprecation            : HHH90000025: MySQLDialect does not need to be specified explicitly using 'hibernate.dialect' (remove the property setting and it will be selected by default)
2025-10-17T12:39:04.796+05:30  INFO 33220 --- [backend] [restartedMain] org.hibernate.orm.connections.pooling    : HHH10001005: Database info:
	Database JDBC URL [Connecting through datasource 'HikariDataSource (HikariPool-1)']
	Database driver: undefined/unknown
	Database version: 8.0.36
	Autocommit mode: undefined/unknown
	Isolation level: undefined/unknown
	Minimum pool size: undefined/unknown
	Maximum pool size: undefined/unknown
2025-10-17T12:39:05.546+05:30  INFO 33220 --- [backend] [restartedMain] o.h.e.t.j.p.i.JtaPlatformInitiator       : HHH000489: No JTA platform available (set 'hibernate.transaction.jta.platform' to enable JTA platform integration)
2025-10-17T12:39:05.604+05:30  INFO 33220 --- [backend] [restartedMain] j.LocalContainerEntityManagerFactoryBean : Initialized JPA EntityManagerFactory for persistence unit 'default'
2025-10-17T12:39:06.057+05:30  WARN 33220 --- [backend] [restartedMain] JpaBaseConfiguration$JpaWebConfiguration : spring.jpa.open-in-view is enabled by default. Therefore, database queries may be performed during view rendering. Explicitly configure spring.jpa.open-in-view to disable this warning
2025-10-17T12:39:06.564+05:30  INFO 33220 --- [backend] [restartedMain] o.s.b.d.a.OptionalLiveReloadServer       : LiveReload server is running on port 35729
2025-10-17T12:39:06.594+05:30  INFO 33220 --- [backend] [restartedMain] o.s.b.w.embedded.tomcat.TomcatWebServer  : Tomcat started on port 8081 (http) with context path '/'
2025-10-17T12:39:06.603+05:30  INFO 33220 --- [backend] [restartedMain] c.omnishop.backend.BackendApplication    : Started BackendApplication in 5.251 seconds (process running for 5.685)
2025-10-17T12:39:16.460+05:30  INFO 33220 --- [backend] [http-nio-8081-exec-1] o.a.c.c.C.[Tomcat].[localhost].[/]       : Initializing Spring DispatcherServlet 'dispatcherServlet'
2025-10-17T12:39:16.460+05:30  INFO 33220 --- [backend] [http-nio-8081-exec-1] o.s.web.servlet.DispatcherServlet        : Initializing Servlet 'dispatcherServlet'
2025-10-17T12:39:16.462+05:30  INFO 33220 --- [backend] [http-nio-8081-exec-1] o.s.web.servlet.DispatcherServlet        : Completed initialization in 2 ms
2025-10-17T12:42:25.084+05:30  INFO 33220 --- [backend] [SpringApplicationShutdownHook] o.s.b.w.e.tomcat.GracefulShutdown        : Commencing graceful shutdown. Waiting for active requests to complete
2025-10-17T12:42:25.093+05:30  INFO 33220 --- [backend] [tomcat-shutdown] o.s.b.w.e.tomcat.GracefulShutdown        : Graceful shutdown complete
2025-10-17T12:42:25.217+05:30  INFO 33220 --- [backend] [SpringApplicationShutdownHook] j.LocalContainerEntityManagerFactoryBean : Closing JPA EntityManagerFactory for persistence unit 'default'
2025-10-17T12:42:25.222+05:30  INFO 33220 --- [backend] [SpringApplicationShutdownHook] com.zaxxer.hikari.HikariDataSource       : HikariPool-1 - Shutdown initiated...
2025-10-17T12:42:25.228+05:30  INFO 33220 --- [backend] [SpringApplicationShutdownHook] com.zaxxer.hikari.HikariDataSource       : HikariPool-1 - Shutdown completed.
2025-10-17T12:42:27.059+05:30  INFO 36016 --- [backend] [restartedMain] c.omnishop.backend.BackendApplication    : Starting BackendApplication using Java 24.0.2 with PID 36016 (C:\Users\Rakesh\CV_Projects\Omnishop\backend\target\classes started by Rakesh in C:\Users\Rakesh\CV_Projects\Omnishop\backend)
2025-10-17T12:42:27.061+05:30  INFO 36016 --- [backend] [restartedMain] c.omnishop.backend.BackendApplication    : No active profile set, falling back to 1 default profile: "default"
2025-10-17T12:42:27.119+05:30  INFO 36016 --- [backend] [restartedMain] .e.DevToolsPropertyDefaultsPostProcessor : Devtools property defaults active! Set 'spring.devtools.add-properties' to 'false' to disable
2025-10-17T12:42:27.119+05:30  INFO 36016 --- [backend] [restartedMain] .e.DevToolsPropertyDefaultsPostProcessor : For additional web related logging consider setting the 'logging.level.web' property to 'DEBUG'
2025-10-17T12:42:27.937+05:30  INFO 36016 --- [backend] [restartedMain] .s.d.r.c.RepositoryConfigurationDelegate : Multiple Spring Data modules found, entering strict repository configuration mode
2025-10-17T12:42:27.939+05:30  INFO 36016 --- [backend] [restartedMain] .s.d.r.c.RepositoryConfigurationDelegate : Bootstrapping Spring Data JPA repositories in DEFAULT mode.
2025-10-17T12:42:28.059+05:30  INFO 36016 --- [backend] [restartedMain] .s.d.r.c.RepositoryConfigurationDelegate : Finished Spring Data repository scanning in 108 ms. Found 1 JPA repository interface.
2025-10-17T12:42:28.077+05:30  INFO 36016 --- [backend] [restartedMain] .s.d.r.c.RepositoryConfigurationDelegate : Multiple Spring Data modules found, entering strict repository configuration mode
2025-10-17T12:42:28.079+05:30  INFO 36016 --- [backend] [restartedMain] .s.d.r.c.RepositoryConfigurationDelegate : Bootstrapping Spring Data Redis repositories in DEFAULT mode.
2025-10-17T12:42:28.092+05:30  INFO 36016 --- [backend] [restartedMain] .RepositoryConfigurationExtensionSupport : Spring Data Redis - Could not safely identify store assignment for repository candidate interface com.omnishop.backend.repository.TestRepository; If you want this repository to be a Redis repository, consider annotating your entities with one of these annotations: org.springframework.data.redis.core.RedisHash (preferred), or consider extending one of the following types with your repository: org.springframework.data.keyvalue.repository.KeyValueRepository
2025-10-17T12:42:28.092+05:30  INFO 36016 --- [backend] [restartedMain] .s.d.r.c.RepositoryConfigurationDelegate : Finished Spring Data repository scanning in 5 ms. Found 0 Redis repository interfaces.
2025-10-17T12:42:28.778+05:30  INFO 36016 --- [backend] [restartedMain] o.s.b.w.embedded.tomcat.TomcatWebServer  : Tomcat initialized with port 8081 (http)
2025-10-17T12:42:28.793+05:30  INFO 36016 --- [backend] [restartedMain] o.apache.catalina.core.StandardService   : Starting service [Tomcat]
2025-10-17T12:42:28.794+05:30  INFO 36016 --- [backend] [restartedMain] o.apache.catalina.core.StandardEngine    : Starting Servlet engine: [Apache Tomcat/10.1.46]
2025-10-17T12:42:28.836+05:30  INFO 36016 --- [backend] [restartedMain] o.a.c.c.C.[Tomcat].[localhost].[/]       : Initializing Spring embedded WebApplicationContext
2025-10-17T12:42:28.836+05:30  INFO 36016 --- [backend] [restartedMain] w.s.c.ServletWebServerApplicationContext : Root WebApplicationContext: initialization completed in 1716 ms
2025-10-17T12:42:29.075+05:30  INFO 36016 --- [backend] [restartedMain] o.hibernate.jpa.internal.util.LogHelper  : HHH000204: Processing PersistenceUnitInfo [name: default]
2025-10-17T12:42:29.128+05:30  INFO 36016 --- [backend] [restartedMain] org.hibernate.Version                    : HHH000412: Hibernate ORM core version 6.6.29.Final
2025-10-17T12:42:29.190+05:30  INFO 36016 --- [backend] [restartedMain] o.h.c.internal.RegionFactoryInitiator    : HHH000026: Second-level cache disabled
2025-10-17T12:42:29.580+05:30  INFO 36016 --- [backend] [restartedMain] o.s.o.j.p.SpringPersistenceUnitInfo      : No LoadTimeWeaver setup: ignoring JPA class transformer
2025-10-17T12:42:29.606+05:30  INFO 36016 --- [backend] [restartedMain] com.zaxxer.hikari.HikariDataSource       : HikariPool-1 - Starting...
2025-10-17T12:42:30.004+05:30  INFO 36016 --- [backend] [restartedMain] com.zaxxer.hikari.pool.HikariPool        : HikariPool-1 - Added connection com.mysql.cj.jdbc.ConnectionImpl@2d8f8eaf
2025-10-17T12:42:30.007+05:30  INFO 36016 --- [backend] [restartedMain] com.zaxxer.hikari.HikariDataSource       : HikariPool-1 - Start completed.
2025-10-17T12:42:30.073+05:30  WARN 36016 --- [backend] [restartedMain] org.hibernate.orm.deprecation            : HHH90000025: MySQLDialect does not need to be specified explicitly using 'hibernate.dialect' (remove the property setting and it will be selected by default)
2025-10-17T12:42:30.096+05:30  INFO 36016 --- [backend] [restartedMain] org.hibernate.orm.connections.pooling    : HHH10001005: Database info:
	Database JDBC URL [Connecting through datasource 'HikariDataSource (HikariPool-1)']
	Database driver: undefined/unknown
	Database version: 8.0.36
	Autocommit mode: undefined/unknown
	Isolation level: undefined/unknown
	Minimum pool size: undefined/unknown
	Maximum pool size: undefined/unknown
2025-10-17T12:42:30.900+05:30  INFO 36016 --- [backend] [restartedMain] o.h.e.t.j.p.i.JtaPlatformInitiator       : HHH000489: No JTA platform available (set 'hibernate.transaction.jta.platform' to enable JTA platform integration)
2025-10-17T12:42:30.961+05:30  INFO 36016 --- [backend] [restartedMain] j.LocalContainerEntityManagerFactoryBean : Initialized JPA EntityManagerFactory for persistence unit 'default'
2025-10-17T12:42:31.512+05:30  WARN 36016 --- [backend] [restartedMain] JpaBaseConfiguration$JpaWebConfiguration : spring.jpa.open-in-view is enabled by default. Therefore, database queries may be performed during view rendering. Explicitly configure spring.jpa.open-in-view to disable this warning
2025-10-17T12:42:32.034+05:30  INFO 36016 --- [backend] [restartedMain] o.s.b.d.a.OptionalLiveReloadServer       : LiveReload server is running on port 35729
2025-10-17T12:42:32.075+05:30  INFO 36016 --- [backend] [restartedMain] o.s.b.w.embedded.tomcat.TomcatWebServer  : Tomcat started on port 8081 (http) with context path '/'
2025-10-17T12:42:32.083+05:30  INFO 36016 --- [backend] [restartedMain] c.omnishop.backend.BackendApplication    : Started BackendApplication in 5.543 seconds (process running for 6.015)
2025-10-17T12:42:36.091+05:30  INFO 36016 --- [backend] [http-nio-8081-exec-1] o.a.c.c.C.[Tomcat].[localhost].[/]       : Initializing Spring DispatcherServlet 'dispatcherServlet'
2025-10-17T12:42:36.091+05:30  INFO 36016 --- [backend] [http-nio-8081-exec-1] o.s.web.servlet.DispatcherServlet        : Initializing Servlet 'dispatcherServlet'
2025-10-17T12:42:36.093+05:30  INFO 36016 --- [backend] [http-nio-8081-exec-1] o.s.web.servlet.DispatcherServlet        : Completed initialization in 2 ms
2025-10-17T12:43:51.503+05:30  INFO 36016 --- [backend] [SpringApplicationShutdownHook] o.s.b.w.e.tomcat.GracefulShutdown        : Commencing graceful shutdown. Waiting for active requests to complete
2025-10-17T12:43:51.517+05:30  INFO 36016 --- [backend] [tomcat-shutdown] o.s.b.w.e.tomcat.GracefulShutdown        : Graceful shutdown complete
2025-10-17T12:43:51.634+05:30  INFO 36016 --- [backend] [SpringApplicationShutdownHook] j.LocalContainerEntityManagerFactoryBean : Closing JPA EntityManagerFactory for persistence unit 'default'
2025-10-17T12:43:51.639+05:30  INFO 36016 --- [backend] [SpringApplicationShutdownHook] com.zaxxer.hikari.HikariDataSource       : HikariPool-1 - Shutdown initiated...
2025-10-17T12:43:51.650+05:30  INFO 36016 --- [backend] [SpringApplicationShutdownHook] com.zaxxer.hikari.HikariDataSource       : HikariPool-1 - Shutdown completed.
2025-10-17T12:43:54.699+05:30  INFO 31492 --- [backend] [restartedMain] c.omnishop.backend.BackendApplication    : Starting BackendApplication using Java 24.0.2 with PID 31492 (C:\Users\Rakesh\CV_Projects\Omnishop\backend\target\classes started by Rakesh in C:\Users\Rakesh\CV_Projects\Omnishop\backend)
2025-10-17T12:43:54.700+05:30  INFO 31492 --- [backend] [restartedMain] c.omnishop.backend.BackendApplication    : No active profile set, falling back to 1 default profile: "default"
2025-10-17T12:43:54.753+05:30  INFO 31492 --- [backend] [restartedMain] .e.DevToolsPropertyDefaultsPostProcessor : Devtools property defaults active! Set 'spring.devtools.add-properties' to 'false' to disable
2025-10-17T12:43:54.754+05:30  INFO 31492 --- [backend] [restartedMain] .e.DevToolsPropertyDefaultsPostProcessor : For additional web related logging consider setting the 'logging.level.web' property to 'DEBUG'
2025-10-17T12:43:55.602+05:30  INFO 31492 --- [backend] [restartedMain] .s.d.r.c.RepositoryConfigurationDelegate : Multiple Spring Data modules found, entering strict repository configuration mode
2025-10-17T12:43:55.604+05:30  INFO 31492 --- [backend] [restartedMain] .s.d.r.c.RepositoryConfigurationDelegate : Bootstrapping Spring Data JPA repositories in DEFAULT mode.
2025-10-17T12:43:55.712+05:30  INFO 31492 --- [backend] [restartedMain] .s.d.r.c.RepositoryConfigurationDelegate : Finished Spring Data repository scanning in 97 ms. Found 1 JPA repository interface.
2025-10-17T12:43:55.736+05:30  INFO 31492 --- [backend] [restartedMain] .s.d.r.c.RepositoryConfigurationDelegate : Multiple Spring Data modules found, entering strict repository configuration mode
2025-10-17T12:43:55.737+05:30  INFO 31492 --- [backend] [restartedMain] .s.d.r.c.RepositoryConfigurationDelegate : Bootstrapping Spring Data Redis repositories in DEFAULT mode.
2025-10-17T12:43:55.748+05:30  INFO 31492 --- [backend] [restartedMain] .RepositoryConfigurationExtensionSupport : Spring Data Redis - Could not safely identify store assignment for repository candidate interface com.omnishop.backend.repository.TestRepository; If you want this repository to be a Redis repository, consider annotating your entities with one of these annotations: org.springframework.data.redis.core.RedisHash (preferred), or consider extending one of the following types with your repository: org.springframework.data.keyvalue.repository.KeyValueRepository
2025-10-17T12:43:55.749+05:30  INFO 31492 --- [backend] [restartedMain] .s.d.r.c.RepositoryConfigurationDelegate : Finished Spring Data repository scanning in 3 ms. Found 0 Redis repository interfaces.
2025-10-17T12:43:56.414+05:30  INFO 31492 --- [backend] [restartedMain] o.s.b.w.embedded.tomcat.TomcatWebServer  : Tomcat initialized with port 8081 (http)
2025-10-17T12:43:56.431+05:30  INFO 31492 --- [backend] [restartedMain] o.apache.catalina.core.StandardService   : Starting service [Tomcat]
2025-10-17T12:43:56.432+05:30  INFO 31492 --- [backend] [restartedMain] o.apache.catalina.core.StandardEngine    : Starting Servlet engine: [Apache Tomcat/10.1.46]
2025-10-17T12:43:56.478+05:30  INFO 31492 --- [backend] [restartedMain] o.a.c.c.C.[Tomcat].[localhost].[/]       : Initializing Spring embedded WebApplicationContext
2025-10-17T12:43:56.478+05:30  INFO 31492 --- [backend] [restartedMain] w.s.c.ServletWebServerApplicationContext : Root WebApplicationContext: initialization completed in 1724 ms
2025-10-17T12:43:56.692+05:30  INFO 31492 --- [backend] [restartedMain] o.hibernate.jpa.internal.util.LogHelper  : HHH000204: Processing PersistenceUnitInfo [name: default]
2025-10-17T12:43:56.749+05:30  INFO 31492 --- [backend] [restartedMain] org.hibernate.Version                    : HHH000412: Hibernate ORM core version 6.6.29.Final
2025-10-17T12:43:56.778+05:30  INFO 31492 --- [backend] [restartedMain] o.h.c.internal.RegionFactoryInitiator    : HHH000026: Second-level cache disabled
2025-10-17T12:43:57.052+05:30  INFO 31492 --- [backend] [restartedMain] o.s.o.j.p.SpringPersistenceUnitInfo      : No LoadTimeWeaver setup: ignoring JPA class transformer
2025-10-17T12:43:57.071+05:30  INFO 31492 --- [backend] [restartedMain] com.zaxxer.hikari.HikariDataSource       : HikariPool-1 - Starting...
2025-10-17T12:43:57.508+05:30  INFO 31492 --- [backend] [restartedMain] com.zaxxer.hikari.pool.HikariPool        : HikariPool-1 - Added connection com.mysql.cj.jdbc.ConnectionImpl@50c762ee
2025-10-17T12:43:57.510+05:30  INFO 31492 --- [backend] [restartedMain] com.zaxxer.hikari.HikariDataSource       : HikariPool-1 - Start completed.
2025-10-17T12:43:57.580+05:30  WARN 31492 --- [backend] [restartedMain] org.hibernate.orm.deprecation            : HHH90000025: MySQLDialect does not need to be specified explicitly using 'hibernate.dialect' (remove the property setting and it will be selected by default)
2025-10-17T12:43:57.593+05:30  INFO 31492 --- [backend] [restartedMain] org.hibernate.orm.connections.pooling    : HHH10001005: Database info:
	Database JDBC URL [Connecting through datasource 'HikariDataSource (HikariPool-1)']
	Database driver: undefined/unknown
	Database version: 8.0.36
	Autocommit mode: undefined/unknown
	Isolation level: undefined/unknown
	Minimum pool size: undefined/unknown
	Maximum pool size: undefined/unknown
2025-10-17T12:43:58.373+05:30  INFO 31492 --- [backend] [restartedMain] o.h.e.t.j.p.i.JtaPlatformInitiator       : HHH000489: No JTA platform available (set 'hibernate.transaction.jta.platform' to enable JTA platform integration)
2025-10-17T12:43:58.446+05:30  INFO 31492 --- [backend] [restartedMain] j.LocalContainerEntityManagerFactoryBean : Initialized JPA EntityManagerFactory for persistence unit 'default'
2025-10-17T12:43:58.938+05:30  WARN 31492 --- [backend] [restartedMain] JpaBaseConfiguration$JpaWebConfiguration : spring.jpa.open-in-view is enabled by default. Therefore, database queries may be performed during view rendering. Explicitly configure spring.jpa.open-in-view to disable this warning
2025-10-17T12:43:59.408+05:30  INFO 31492 --- [backend] [restartedMain] o.s.b.d.a.OptionalLiveReloadServer       : LiveReload server is running on port 35729
2025-10-17T12:43:59.443+05:30  INFO 31492 --- [backend] [restartedMain] o.s.b.w.embedded.tomcat.TomcatWebServer  : Tomcat started on port 8081 (http) with context path '/'
2025-10-17T12:43:59.454+05:30  INFO 31492 --- [backend] [restartedMain] c.omnishop.backend.BackendApplication    : Started BackendApplication in 5.265 seconds (process running for 5.706)
2025-10-17T12:44:08.850+05:30  INFO 31492 --- [backend] [http-nio-8081-exec-1] o.a.c.c.C.[Tomcat].[localhost].[/]       : Initializing Spring DispatcherServlet 'dispatcherServlet'
2025-10-17T12:44:08.850+05:30  INFO 31492 --- [backend] [http-nio-8081-exec-1] o.s.web.servlet.DispatcherServlet        : Initializing Servlet 'dispatcherServlet'
2025-10-17T12:44:08.853+05:30  INFO 31492 --- [backend] [http-nio-8081-exec-1] o.s.web.servlet.DispatcherServlet        : Completed initialization in 1 ms
2025-10-17T12:47:42.241+05:30  INFO 31492 --- [backend] [SpringApplicationShutdownHook] o.s.b.w.e.tomcat.GracefulShutdown        : Commencing graceful shutdown. Waiting for active requests to complete
2025-10-17T12:47:42.264+05:30  INFO 31492 --- [backend] [tomcat-shutdown] o.s.b.w.e.tomcat.GracefulShutdown        : Graceful shutdown complete
2025-10-17T12:47:42.434+05:30  INFO 31492 --- [backend] [SpringApplicationShutdownHook] j.LocalContainerEntityManagerFactoryBean : Closing JPA EntityManagerFactory for persistence unit 'default'
2025-10-17T12:47:42.442+05:30  INFO 31492 --- [backend] [SpringApplicationShutdownHook] com.zaxxer.hikari.HikariDataSource       : HikariPool-1 - Shutdown initiated...
2025-10-17T12:47:42.454+05:30  INFO 31492 --- [backend] [SpringApplicationShutdownHook] com.zaxxer.hikari.HikariDataSource       : HikariPool-1 - Shutdown completed.
2025-10-17T12:47:47.672+05:30  INFO 14316 --- [backend] [restartedMain] c.omnishop.backend.BackendApplication    : Starting BackendApplication using Java 24.0.2 with PID 14316 (C:\Users\Rakesh\CV_Projects\Omnishop\backend\target\classes started by Rakesh in C:\Users\Rakesh\CV_Projects\Omnishop\backend)
2025-10-17T12:47:47.674+05:30  INFO 14316 --- [backend] [restartedMain] c.omnishop.backend.BackendApplication    : No active profile set, falling back to 1 default profile: "default"
2025-10-17T12:47:47.727+05:30  INFO 14316 --- [backend] [restartedMain] .e.DevToolsPropertyDefaultsPostProcessor : Devtools property defaults active! Set 'spring.devtools.add-properties' to 'false' to disable
2025-10-17T12:47:47.727+05:30  INFO 14316 --- [backend] [restartedMain] .e.DevToolsPropertyDefaultsPostProcessor : For additional web related logging consider setting the 'logging.level.web' property to 'DEBUG'
2025-10-17T12:47:48.569+05:30  INFO 14316 --- [backend] [restartedMain] .s.d.r.c.RepositoryConfigurationDelegate : Multiple Spring Data modules found, entering strict repository configuration mode
2025-10-17T12:47:48.571+05:30  INFO 14316 --- [backend] [restartedMain] .s.d.r.c.RepositoryConfigurationDelegate : Bootstrapping Spring Data JPA repositories in DEFAULT mode.
2025-10-17T12:47:48.692+05:30  INFO 14316 --- [backend] [restartedMain] .s.d.r.c.RepositoryConfigurationDelegate : Finished Spring Data repository scanning in 110 ms. Found 1 JPA repository interface.
2025-10-17T12:47:48.711+05:30  INFO 14316 --- [backend] [restartedMain] .s.d.r.c.RepositoryConfigurationDelegate : Multiple Spring Data modules found, entering strict repository configuration mode
2025-10-17T12:47:48.713+05:30  INFO 14316 --- [backend] [restartedMain] .s.d.r.c.RepositoryConfigurationDelegate : Bootstrapping Spring Data Redis repositories in DEFAULT mode.
2025-10-17T12:47:48.727+05:30  INFO 14316 --- [backend] [restartedMain] .RepositoryConfigurationExtensionSupport : Spring Data Redis - Could not safely identify store assignment for repository candidate interface com.omnishop.backend.repository.TestRepository; If you want this repository to be a Redis repository, consider annotating your entities with one of these annotations: org.springframework.data.redis.core.RedisHash (preferred), or consider extending one of the following types with your repository: org.springframework.data.keyvalue.repository.KeyValueRepository
2025-10-17T12:47:48.728+05:30  INFO 14316 --- [backend] [restartedMain] .s.d.r.c.RepositoryConfigurationDelegate : Finished Spring Data repository scanning in 5 ms. Found 0 Redis repository interfaces.
2025-10-17T12:47:49.416+05:30  INFO 14316 --- [backend] [restartedMain] o.s.b.w.embedded.tomcat.TomcatWebServer  : Tomcat initialized with port 8081 (http)
2025-10-17T12:47:49.433+05:30  INFO 14316 --- [backend] [restartedMain] o.apache.catalina.core.StandardService   : Starting service [Tomcat]
2025-10-17T12:47:49.434+05:30  INFO 14316 --- [backend] [restartedMain] o.apache.catalina.core.StandardEngine    : Starting Servlet engine: [Apache Tomcat/10.1.46]
2025-10-17T12:47:49.479+05:30  INFO 14316 --- [backend] [restartedMain] o.a.c.c.C.[Tomcat].[localhost].[/]       : Initializing Spring embedded WebApplicationContext
2025-10-17T12:47:49.480+05:30  INFO 14316 --- [backend] [restartedMain] w.s.c.ServletWebServerApplicationContext : Root WebApplicationContext: initialization completed in 1752 ms
2025-10-17T12:47:49.698+05:30  INFO 14316 --- [backend] [restartedMain] o.hibernate.jpa.internal.util.LogHelper  : HHH000204: Processing PersistenceUnitInfo [name: default]
2025-10-17T12:47:49.749+05:30  INFO 14316 --- [backend] [restartedMain] org.hibernate.Version                    : HHH000412: Hibernate ORM core version 6.6.29.Final
2025-10-17T12:47:49.778+05:30  INFO 14316 --- [backend] [restartedMain] o.h.c.internal.RegionFactoryInitiator    : HHH000026: Second-level cache disabled
2025-10-17T12:47:50.057+05:30  INFO 14316 --- [backend] [restartedMain] o.s.o.j.p.SpringPersistenceUnitInfo      : No LoadTimeWeaver setup: ignoring JPA class transformer
2025-10-17T12:47:50.077+05:30  INFO 14316 --- [backend] [restartedMain] com.zaxxer.hikari.HikariDataSource       : HikariPool-1 - Starting...
2025-10-17T12:47:50.675+05:30  INFO 14316 --- [backend] [restartedMain] com.zaxxer.hikari.pool.HikariPool        : HikariPool-1 - Added connection com.mysql.cj.jdbc.ConnectionImpl@50c762ee
2025-10-17T12:47:50.678+05:30  INFO 14316 --- [backend] [restartedMain] com.zaxxer.hikari.HikariDataSource       : HikariPool-1 - Start completed.
2025-10-17T12:47:50.757+05:30  WARN 14316 --- [backend] [restartedMain] org.hibernate.orm.deprecation            : HHH90000025: MySQLDialect does not need to be specified explicitly using 'hibernate.dialect' (remove the property setting and it will be selected by default)
2025-10-17T12:47:50.773+05:30  INFO 14316 --- [backend] [restartedMain] org.hibernate.orm.connections.pooling    : HHH10001005: Database info:
	Database JDBC URL [Connecting through datasource 'HikariDataSource (HikariPool-1)']
	Database driver: undefined/unknown
	Database version: 8.0.36
	Autocommit mode: undefined/unknown
	Isolation level: undefined/unknown
	Minimum pool size: undefined/unknown
	Maximum pool size: undefined/unknown
2025-10-17T12:47:51.517+05:30  INFO 14316 --- [backend] [restartedMain] o.h.e.t.j.p.i.JtaPlatformInitiator       : HHH000489: No JTA platform available (set 'hibernate.transaction.jta.platform' to enable JTA platform integration)
2025-10-17T12:47:51.606+05:30  INFO 14316 --- [backend] [restartedMain] j.LocalContainerEntityManagerFactoryBean : Initialized JPA EntityManagerFactory for persistence unit 'default'
2025-10-17T12:47:52.118+05:30  WARN 14316 --- [backend] [restartedMain] JpaBaseConfiguration$JpaWebConfiguration : spring.jpa.open-in-view is enabled by default. Therefore, database queries may be performed during view rendering. Explicitly configure spring.jpa.open-in-view to disable this warning
2025-10-17T12:47:52.584+05:30  INFO 14316 --- [backend] [restartedMain] o.s.b.d.a.OptionalLiveReloadServer       : LiveReload server is running on port 35729
2025-10-17T12:47:52.617+05:30  INFO 14316 --- [backend] [restartedMain] o.s.b.w.embedded.tomcat.TomcatWebServer  : Tomcat started on port 8081 (http) with context path '/'
2025-10-17T12:47:52.628+05:30  INFO 14316 --- [backend] [restartedMain] c.omnishop.backend.BackendApplication    : Started BackendApplication in 5.463 seconds (process running for 5.893)
2025-10-17T12:48:00.947+05:30  INFO 14316 --- [backend] [http-nio-8081-exec-1] o.a.c.c.C.[Tomcat].[localhost].[/]       : Initializing Spring DispatcherServlet 'dispatcherServlet'
2025-10-17T12:48:00.947+05:30  INFO 14316 --- [backend] [http-nio-8081-exec-1] o.s.web.servlet.DispatcherServlet        : Initializing Servlet 'dispatcherServlet'
2025-10-17T12:48:00.947+05:30  INFO 14316 --- [backend] [http-nio-8081-exec-1] o.s.web.servlet.DispatcherServlet        : Completed initialization in 0 ms
2025-10-17T12:48:40.757+05:30  INFO 14316 --- [backend] [SpringApplicationShutdownHook] o.s.b.w.e.tomcat.GracefulShutdown        : Commencing graceful shutdown. Waiting for active requests to complete
2025-10-17T12:48:40.771+05:30  INFO 14316 --- [backend] [tomcat-shutdown] o.s.b.w.e.tomcat.GracefulShutdown        : Graceful shutdown complete
2025-10-17T12:48:40.889+05:30  INFO 14316 --- [backend] [SpringApplicationShutdownHook] j.LocalContainerEntityManagerFactoryBean : Closing JPA EntityManagerFactory for persistence unit 'default'
2025-10-17T12:48:40.893+05:30  INFO 14316 --- [backend] [SpringApplicationShutdownHook] com.zaxxer.hikari.HikariDataSource       : HikariPool-1 - Shutdown initiated...
2025-10-17T12:48:40.907+05:30  INFO 14316 --- [backend] [SpringApplicationShutdownHook] com.zaxxer.hikari.HikariDataSource       : HikariPool-1 - Shutdown completed.
2025-10-17T12:48:42.733+05:30  INFO 24936 --- [backend] [restartedMain] c.omnishop.backend.BackendApplication    : Starting BackendApplication using Java 24.0.2 with PID 24936 (C:\Users\Rakesh\CV_Projects\Omnishop\backend\target\classes started by Rakesh in C:\Users\Rakesh\CV_Projects\Omnishop\backend)
2025-10-17T12:48:42.735+05:30  INFO 24936 --- [backend] [restartedMain] c.omnishop.backend.BackendApplication    : No active profile set, falling back to 1 default profile: "default"
2025-10-17T12:48:42.794+05:30  INFO 24936 --- [backend] [restartedMain] .e.DevToolsPropertyDefaultsPostProcessor : Devtools property defaults active! Set 'spring.devtools.add-properties' to 'false' to disable
2025-10-17T12:48:42.794+05:30  INFO 24936 --- [backend] [restartedMain] .e.DevToolsPropertyDefaultsPostProcessor : For additional web related logging consider setting the 'logging.level.web' property to 'DEBUG'
2025-10-17T12:48:43.669+05:30  INFO 24936 --- [backend] [restartedMain] .s.d.r.c.RepositoryConfigurationDelegate : Multiple Spring Data modules found, entering strict repository configuration mode
2025-10-17T12:48:43.671+05:30  INFO 24936 --- [backend] [restartedMain] .s.d.r.c.RepositoryConfigurationDelegate : Bootstrapping Spring Data JPA repositories in DEFAULT mode.
2025-10-17T12:48:43.791+05:30  INFO 24936 --- [backend] [restartedMain] .s.d.r.c.RepositoryConfigurationDelegate : Finished Spring Data repository scanning in 108 ms. Found 1 JPA repository interface.
2025-10-17T12:48:43.807+05:30  INFO 24936 --- [backend] [restartedMain] .s.d.r.c.RepositoryConfigurationDelegate : Multiple Spring Data modules found, entering strict repository configuration mode
2025-10-17T12:48:43.809+05:30  INFO 24936 --- [backend] [restartedMain] .s.d.r.c.RepositoryConfigurationDelegate : Bootstrapping Spring Data Redis repositories in DEFAULT mode.
2025-10-17T12:48:43.828+05:30  INFO 24936 --- [backend] [restartedMain] .RepositoryConfigurationExtensionSupport : Spring Data Redis - Could not safely identify store assignment for repository candidate interface com.omnishop.backend.repository.TestRepository; If you want this repository to be a Redis repository, consider annotating your entities with one of these annotations: org.springframework.data.redis.core.RedisHash (preferred), or consider extending one of the following types with your repository: org.springframework.data.keyvalue.repository.KeyValueRepository
2025-10-17T12:48:43.829+05:30  INFO 24936 --- [backend] [restartedMain] .s.d.r.c.RepositoryConfigurationDelegate : Finished Spring Data repository scanning in 7 ms. Found 0 Redis repository interfaces.
2025-10-17T12:48:44.628+05:30  INFO 24936 --- [backend] [restartedMain] o.s.b.w.embedded.tomcat.TomcatWebServer  : Tomcat initialized with port 8081 (http)
2025-10-17T12:48:44.644+05:30  INFO 24936 --- [backend] [restartedMain] o.apache.catalina.core.StandardService   : Starting service [Tomcat]
2025-10-17T12:48:44.645+05:30  INFO 24936 --- [backend] [restartedMain] o.apache.catalina.core.StandardEngine    : Starting Servlet engine: [Apache Tomcat/10.1.46]
2025-10-17T12:48:44.691+05:30  INFO 24936 --- [backend] [restartedMain] o.a.c.c.C.[Tomcat].[localhost].[/]       : Initializing Spring embedded WebApplicationContext
2025-10-17T12:48:44.691+05:30  INFO 24936 --- [backend] [restartedMain] w.s.c.ServletWebServerApplicationContext : Root WebApplicationContext: initialization completed in 1897 ms
2025-10-17T12:48:44.909+05:30  INFO 24936 --- [backend] [restartedMain] o.hibernate.jpa.internal.util.LogHelper  : HHH000204: Processing PersistenceUnitInfo [name: default]
2025-10-17T12:48:44.956+05:30  INFO 24936 --- [backend] [restartedMain] org.hibernate.Version                    : HHH000412: Hibernate ORM core version 6.6.29.Final
2025-10-17T12:48:45.003+05:30  INFO 24936 --- [backend] [restartedMain] o.h.c.internal.RegionFactoryInitiator    : HHH000026: Second-level cache disabled
2025-10-17T12:48:45.299+05:30  INFO 24936 --- [backend] [restartedMain] o.s.o.j.p.SpringPersistenceUnitInfo      : No LoadTimeWeaver setup: ignoring JPA class transformer
2025-10-17T12:48:45.324+05:30  INFO 24936 --- [backend] [restartedMain] com.zaxxer.hikari.HikariDataSource       : HikariPool-1 - Starting...
2025-10-17T12:48:45.818+05:30  INFO 24936 --- [backend] [restartedMain] com.zaxxer.hikari.pool.HikariPool        : HikariPool-1 - Added connection com.mysql.cj.jdbc.ConnectionImpl@68c6b6e3
2025-10-17T12:48:45.819+05:30  INFO 24936 --- [backend] [restartedMain] com.zaxxer.hikari.HikariDataSource       : HikariPool-1 - Start completed.
2025-10-17T12:48:45.910+05:30  WARN 24936 --- [backend] [restartedMain] org.hibernate.orm.deprecation            : HHH90000025: MySQLDialect does not need to be specified explicitly using 'hibernate.dialect' (remove the property setting and it will be selected by default)
2025-10-17T12:48:45.931+05:30  INFO 24936 --- [backend] [restartedMain] org.hibernate.orm.connections.pooling    : HHH10001005: Database info:
	Database JDBC URL [Connecting through datasource 'HikariDataSource (HikariPool-1)']
	Database driver: undefined/unknown
	Database version: 8.0.36
	Autocommit mode: undefined/unknown
	Isolation level: undefined/unknown
	Minimum pool size: undefined/unknown
	Maximum pool size: undefined/unknown
2025-10-17T12:48:46.727+05:30  INFO 24936 --- [backend] [restartedMain] o.h.e.t.j.p.i.JtaPlatformInitiator       : HHH000489: No JTA platform available (set 'hibernate.transaction.jta.platform' to enable JTA platform integration)
2025-10-17T12:48:46.805+05:30  INFO 24936 --- [backend] [restartedMain] j.LocalContainerEntityManagerFactoryBean : Initialized JPA EntityManagerFactory for persistence unit 'default'
2025-10-17T12:48:47.307+05:30  WARN 24936 --- [backend] [restartedMain] JpaBaseConfiguration$JpaWebConfiguration : spring.jpa.open-in-view is enabled by default. Therefore, database queries may be performed during view rendering. Explicitly configure spring.jpa.open-in-view to disable this warning
2025-10-17T12:48:47.832+05:30  INFO 24936 --- [backend] [restartedMain] o.s.b.d.a.OptionalLiveReloadServer       : LiveReload server is running on port 35729
2025-10-17T12:48:47.862+05:30  INFO 24936 --- [backend] [restartedMain] o.s.b.w.embedded.tomcat.TomcatWebServer  : Tomcat started on port 8081 (http) with context path '/'
2025-10-17T12:48:47.872+05:30  INFO 24936 --- [backend] [restartedMain] c.omnishop.backend.BackendApplication    : Started BackendApplication in 5.619 seconds (process running for 6.082)
2025-10-17T12:49:03.794+05:30  INFO 24936 --- [backend] [http-nio-8081-exec-1] o.a.c.c.C.[Tomcat].[localhost].[/]       : Initializing Spring DispatcherServlet 'dispatcherServlet'
2025-10-17T12:49:03.794+05:30  INFO 24936 --- [backend] [http-nio-8081-exec-1] o.s.web.servlet.DispatcherServlet        : Initializing Servlet 'dispatcherServlet'
2025-10-17T12:49:03.795+05:30  INFO 24936 --- [backend] [http-nio-8081-exec-1] o.s.web.servlet.DispatcherServlet        : Completed initialization in 1 ms
2025-10-17T12:50:24.535+05:30  INFO 24936 --- [backend] [SpringApplicationShutdownHook] o.s.b.w.e.tomcat.GracefulShutdown        : Commencing graceful shutdown. Waiting for active requests to complete
2025-10-17T12:50:24.548+05:30  INFO 24936 --- [backend] [tomcat-shutdown] o.s.b.w.e.tomcat.GracefulShutdown        : Graceful shutdown complete
2025-10-17T12:50:24.674+05:30  INFO 24936 --- [backend] [SpringApplicationShutdownHook] j.LocalContainerEntityManagerFactoryBean : Closing JPA EntityManagerFactory for persistence unit 'default'
2025-10-17T12:50:24.679+05:30  INFO 24936 --- [backend] [SpringApplicationShutdownHook] com.zaxxer.hikari.HikariDataSource       : HikariPool-1 - Shutdown initiated...
2025-10-17T12:50:24.688+05:30  INFO 24936 --- [backend] [SpringApplicationShutdownHook] com.zaxxer.hikari.HikariDataSource       : HikariPool-1 - Shutdown completed.
2025-10-17T12:50:26.778+05:30  INFO 35572 --- [backend] [restartedMain] c.omnishop.backend.BackendApplication    : Starting BackendApplication using Java 24.0.2 with PID 35572 (C:\Users\Rakesh\CV_Projects\Omnishop\backend\target\classes started by Rakesh in C:\Users\Rakesh\CV_Projects\Omnishop\backend)
2025-10-17T12:50:26.779+05:30  INFO 35572 --- [backend] [restartedMain] c.omnishop.backend.BackendApplication    : No active profile set, falling back to 1 default profile: "default"
2025-10-17T12:50:26.843+05:30  INFO 35572 --- [backend] [restartedMain] .e.DevToolsPropertyDefaultsPostProcessor : Devtools property defaults active! Set 'spring.devtools.add-properties' to 'false' to disable
2025-10-17T12:50:26.843+05:30  INFO 35572 --- [backend] [restartedMain] .e.DevToolsPropertyDefaultsPostProcessor : For additional web related logging consider setting the 'logging.level.web' property to 'DEBUG'
2025-10-17T12:50:27.684+05:30  INFO 35572 --- [backend] [restartedMain] .s.d.r.c.RepositoryConfigurationDelegate : Multiple Spring Data modules found, entering strict repository configuration mode
2025-10-17T12:50:27.685+05:30  INFO 35572 --- [backend] [restartedMain] .s.d.r.c.RepositoryConfigurationDelegate : Bootstrapping Spring Data JPA repositories in DEFAULT mode.
2025-10-17T12:50:27.795+05:30  INFO 35572 --- [backend] [restartedMain] .s.d.r.c.RepositoryConfigurationDelegate : Finished Spring Data repository scanning in 99 ms. Found 1 JPA repository interface.
2025-10-17T12:50:27.813+05:30  INFO 35572 --- [backend] [restartedMain] .s.d.r.c.RepositoryConfigurationDelegate : Multiple Spring Data modules found, entering strict repository configuration mode
2025-10-17T12:50:27.815+05:30  INFO 35572 --- [backend] [restartedMain] .s.d.r.c.RepositoryConfigurationDelegate : Bootstrapping Spring Data Redis repositories in DEFAULT mode.
2025-10-17T12:50:27.833+05:30  INFO 35572 --- [backend] [restartedMain] .RepositoryConfigurationExtensionSupport : Spring Data Redis - Could not safely identify store assignment for repository candidate interface com.omnishop.backend.repository.TestRepository; If you want this repository to be a Redis repository, consider annotating your entities with one of these annotations: org.springframework.data.redis.core.RedisHash (preferred), or consider extending one of the following types with your repository: org.springframework.data.keyvalue.repository.KeyValueRepository
2025-10-17T12:50:27.833+05:30  INFO 35572 --- [backend] [restartedMain] .s.d.r.c.RepositoryConfigurationDelegate : Finished Spring Data repository scanning in 5 ms. Found 0 Redis repository interfaces.
2025-10-17T12:50:28.532+05:30  INFO 35572 --- [backend] [restartedMain] o.s.b.w.embedded.tomcat.TomcatWebServer  : Tomcat initialized with port 8081 (http)
2025-10-17T12:50:28.548+05:30  INFO 35572 --- [backend] [restartedMain] o.apache.catalina.core.StandardService   : Starting service [Tomcat]
2025-10-17T12:50:28.548+05:30  INFO 35572 --- [backend] [restartedMain] o.apache.catalina.core.StandardEngine    : Starting Servlet engine: [Apache Tomcat/10.1.46]
2025-10-17T12:50:28.593+05:30  INFO 35572 --- [backend] [restartedMain] o.a.c.c.C.[Tomcat].[localhost].[/]       : Initializing Spring embedded WebApplicationContext
2025-10-17T12:50:28.593+05:30  INFO 35572 --- [backend] [restartedMain] w.s.c.ServletWebServerApplicationContext : Root WebApplicationContext: initialization completed in 1750 ms
2025-10-17T12:50:28.795+05:30  INFO 35572 --- [backend] [restartedMain] o.hibernate.jpa.internal.util.LogHelper  : HHH000204: Processing PersistenceUnitInfo [name: default]
2025-10-17T12:50:28.835+05:30  INFO 35572 --- [backend] [restartedMain] org.hibernate.Version                    : HHH000412: Hibernate ORM core version 6.6.29.Final
2025-10-17T12:50:28.867+05:30  INFO 35572 --- [backend] [restartedMain] o.h.c.internal.RegionFactoryInitiator    : HHH000026: Second-level cache disabled
2025-10-17T12:50:29.154+05:30  INFO 35572 --- [backend] [restartedMain] o.s.o.j.p.SpringPersistenceUnitInfo      : No LoadTimeWeaver setup: ignoring JPA class transformer
2025-10-17T12:50:29.174+05:30  INFO 35572 --- [backend] [restartedMain] com.zaxxer.hikari.HikariDataSource       : HikariPool-1 - Starting...
2025-10-17T12:50:30.443+05:30  INFO 35572 --- [backend] [restartedMain] com.zaxxer.hikari.pool.HikariPool        : HikariPool-1 - Added connection com.mysql.cj.jdbc.ConnectionImpl@2aa4059c
2025-10-17T12:50:30.446+05:30  INFO 35572 --- [backend] [restartedMain] com.zaxxer.hikari.HikariDataSource       : HikariPool-1 - Start completed.
2025-10-17T12:50:30.515+05:30  WARN 35572 --- [backend] [restartedMain] org.hibernate.orm.deprecation            : HHH90000025: MySQLDialect does not need to be specified explicitly using 'hibernate.dialect' (remove the property setting and it will be selected by default)
2025-10-17T12:50:30.536+05:30  INFO 35572 --- [backend] [restartedMain] org.hibernate.orm.connections.pooling    : HHH10001005: Database info:
	Database JDBC URL [Connecting through datasource 'HikariDataSource (HikariPool-1)']
	Database driver: undefined/unknown
	Database version: 8.0.36
	Autocommit mode: undefined/unknown
	Isolation level: undefined/unknown
	Minimum pool size: undefined/unknown
	Maximum pool size: undefined/unknown
2025-10-17T12:50:31.315+05:30  INFO 35572 --- [backend] [restartedMain] o.h.e.t.j.p.i.JtaPlatformInitiator       : HHH000489: No JTA platform available (set 'hibernate.transaction.jta.platform' to enable JTA platform integration)
2025-10-17T12:50:31.379+05:30  INFO 35572 --- [backend] [restartedMain] j.LocalContainerEntityManagerFactoryBean : Initialized JPA EntityManagerFactory for persistence unit 'default'
2025-10-17T12:50:31.833+05:30  WARN 35572 --- [backend] [restartedMain] JpaBaseConfiguration$JpaWebConfiguration : spring.jpa.open-in-view is enabled by default. Therefore, database queries may be performed during view rendering. Explicitly configure spring.jpa.open-in-view to disable this warning
2025-10-17T12:50:32.294+05:30  INFO 35572 --- [backend] [restartedMain] o.s.b.d.a.OptionalLiveReloadServer       : LiveReload server is running on port 35729
2025-10-17T12:50:32.327+05:30  INFO 35572 --- [backend] [restartedMain] o.s.b.w.embedded.tomcat.TomcatWebServer  : Tomcat started on port 8081 (http) with context path '/'
2025-10-17T12:50:32.330+05:30 DEBUG 35572 --- [backend] [restartedMain] o.s.d.r.l.RedisMessageListenerContainer  : Starting RedisMessageListenerContainer...
2025-10-17T12:50:32.331+05:30 DEBUG 35572 --- [backend] [restartedMain] o.s.d.r.l.RedisMessageListenerContainer  : Postpone listening for Redis messages until actual listeners are added
2025-10-17T12:50:32.339+05:30  INFO 35572 --- [backend] [restartedMain] c.omnishop.backend.BackendApplication    : Started BackendApplication in 6.063 seconds (process running for 6.501)
2025-10-17T12:50:42.790+05:30  INFO 35572 --- [backend] [http-nio-8081-exec-2] o.a.c.c.C.[Tomcat].[localhost].[/]       : Initializing Spring DispatcherServlet 'dispatcherServlet'
2025-10-17T12:50:42.791+05:30  INFO 35572 --- [backend] [http-nio-8081-exec-2] o.s.web.servlet.DispatcherServlet        : Initializing Servlet 'dispatcherServlet'
2025-10-17T12:50:42.791+05:30  INFO 35572 --- [backend] [http-nio-8081-exec-2] o.s.web.servlet.DispatcherServlet        : Completed initialization in 0 ms
2025-10-17T13:20:22.821+05:30  WARN 35572 --- [backend] [HikariPool-1:housekeeper] com.zaxxer.hikari.pool.PoolBase          : HikariPool-1 - Failed to validate connection com.mysql.cj.jdbc.ConnectionImpl@6b29cc9 (No operations allowed after connection closed.). Possibly consider using a shorter maxLifetime value.
2025-10-17T13:20:22.823+05:30  WARN 35572 --- [backend] [HikariPool-1:housekeeper] com.zaxxer.hikari.pool.PoolBase          : HikariPool-1 - Failed to validate connection com.mysql.cj.jdbc.ConnectionImpl@b41077e (No operations allowed after connection closed.). Possibly consider using a shorter maxLifetime value.
2025-10-17T13:20:22.823+05:30  WARN 35572 --- [backend] [HikariPool-1:housekeeper] com.zaxxer.hikari.pool.HikariPool        : HikariPool-1 - Thread starvation or clock leap detected (housekeeper delta=1m22s155ms19µs400ns).
2025-10-17T13:20:22.825+05:30  WARN 35572 --- [backend] [HikariPool-1:housekeeper] com.zaxxer.hikari.pool.PoolBase          : HikariPool-1 - Failed to validate connection com.mysql.cj.jdbc.ConnectionImpl@c6d9a97 (No operations allowed after connection closed.). Possibly consider using a shorter maxLifetime value.
2025-10-17T13:20:22.825+05:30  WARN 35572 --- [backend] [HikariPool-1:housekeeper] com.zaxxer.hikari.pool.PoolBase          : HikariPool-1 - Failed to validate connection com.mysql.cj.jdbc.ConnectionImpl@2039c274 (No operations allowed after connection closed.). Possibly consider using a shorter maxLifetime value.
2025-10-17T13:20:22.827+05:30  WARN 35572 --- [backend] [HikariPool-1:housekeeper] com.zaxxer.hikari.pool.PoolBase          : HikariPool-1 - Failed to validate connection com.mysql.cj.jdbc.ConnectionImpl@23405bfa (No operations allowed after connection closed.). Possibly consider using a shorter maxLifetime value.
2025-10-17T13:20:22.828+05:30  WARN 35572 --- [backend] [HikariPool-1:housekeeper] com.zaxxer.hikari.pool.PoolBase          : HikariPool-1 - Failed to validate connection com.mysql.cj.jdbc.ConnectionImpl@6567cf2c (No operations allowed after connection closed.). Possibly consider using a shorter maxLifetime value.
2025-10-17T13:20:41.089+05:30  WARN 35572 --- [backend] [HikariPool-1:housekeeper] com.zaxxer.hikari.pool.PoolBase          : HikariPool-1 - Failed to validate connection com.mysql.cj.jdbc.ConnectionImpl@53e4835 (No operations allowed after connection closed.). Possibly consider using a shorter maxLifetime value.
2025-10-17T13:20:48.614+05:30  WARN 35572 --- [backend] [HikariPool-1:housekeeper] com.zaxxer.hikari.pool.PoolBase          : HikariPool-1 - Failed to validate connection com.mysql.cj.jdbc.ConnectionImpl@4a44199a (No operations allowed after connection closed.). Possibly consider using a shorter maxLifetime value.
2025-10-17T13:20:51.043+05:30  WARN 35572 --- [backend] [HikariPool-1:housekeeper] com.zaxxer.hikari.pool.PoolBase          : HikariPool-1 - Failed to validate connection com.mysql.cj.jdbc.ConnectionImpl@66092cb4 (No operations allowed after connection closed.). Possibly consider using a shorter maxLifetime value.
2025-10-17T13:36:04.842+05:30  WARN 35572 --- [backend] [HikariPool-1:housekeeper] com.zaxxer.hikari.pool.HikariPool        : HikariPool-1 - Thread starvation or clock leap detected (housekeeper delta=15m12s16ms765µs500ns).
2025-10-17T13:36:04.844+05:30  WARN 35572 --- [backend] [HikariPool-1:housekeeper] com.zaxxer.hikari.pool.PoolBase          : HikariPool-1 - Failed to validate connection com.mysql.cj.jdbc.ConnectionImpl@5dcc6ed1 (No operations allowed after connection closed.). Possibly consider using a shorter maxLifetime value.
2025-10-17T13:36:04.845+05:30  WARN 35572 --- [backend] [HikariPool-1:housekeeper] com.zaxxer.hikari.pool.PoolBase          : HikariPool-1 - Failed to validate connection com.mysql.cj.jdbc.ConnectionImpl@2bb900a6 (No operations allowed after connection closed.). Possibly consider using a shorter maxLifetime value.
2025-10-17T13:36:04.846+05:30  WARN 35572 --- [backend] [HikariPool-1:housekeeper] com.zaxxer.hikari.pool.PoolBase          : HikariPool-1 - Failed to validate connection com.mysql.cj.jdbc.ConnectionImpl@47af5e9 (No operations allowed after connection closed.). Possibly consider using a shorter maxLifetime value.
2025-10-17T13:36:04.848+05:30  WARN 35572 --- [backend] [HikariPool-1:housekeeper] com.zaxxer.hikari.pool.PoolBase          : HikariPool-1 - Failed to validate connection com.mysql.cj.jdbc.ConnectionImpl@3afea951 (No operations allowed after connection closed.). Possibly consider using a shorter maxLifetime value.
2025-10-17T13:36:04.849+05:30  WARN 35572 --- [backend] [HikariPool-1:housekeeper] com.zaxxer.hikari.pool.PoolBase          : HikariPool-1 - Failed to validate connection com.mysql.cj.jdbc.ConnectionImpl@7cb7ddc9 (No operations allowed after connection closed.). Possibly consider using a shorter maxLifetime value.
2025-10-17T13:36:04.852+05:30  WARN 35572 --- [backend] [HikariPool-1:housekeeper] com.zaxxer.hikari.pool.PoolBase          : HikariPool-1 - Failed to validate connection com.mysql.cj.jdbc.ConnectionImpl@1f684ec9 (No operations allowed after connection closed.). Possibly consider using a shorter maxLifetime value.
2025-10-17T13:36:04.853+05:30  WARN 35572 --- [backend] [HikariPool-1:housekeeper] com.zaxxer.hikari.pool.PoolBase          : HikariPool-1 - Failed to validate connection com.mysql.cj.jdbc.ConnectionImpl@4c6e3570 (No operations allowed after connection closed.). Possibly consider using a shorter maxLifetime value.
2025-10-17T13:36:04.854+05:30  WARN 35572 --- [backend] [HikariPool-1:housekeeper] com.zaxxer.hikari.pool.PoolBase          : HikariPool-1 - Failed to validate connection com.mysql.cj.jdbc.ConnectionImpl@315a98d (No operations allowed after connection closed.). Possibly consider using a shorter maxLifetime value.
2025-10-17T13:36:04.856+05:30  WARN 35572 --- [backend] [HikariPool-1:housekeeper] com.zaxxer.hikari.pool.PoolBase          : HikariPool-1 - Failed to validate connection com.mysql.cj.jdbc.ConnectionImpl@410e75b3 (No operations allowed after connection closed.). Possibly consider using a shorter maxLifetime value.
2025-10-17T13:36:04.858+05:30  WARN 35572 --- [backend] [HikariPool-1:housekeeper] com.zaxxer.hikari.pool.PoolBase          : HikariPool-1 - Failed to validate connection com.mysql.cj.jdbc.ConnectionImpl@1ccd755d (No operations allowed after connection closed.). Possibly consider using a shorter maxLifetime value.
2025-10-17T13:41:44.660+05:30 DEBUG 35572 --- [backend] [SpringApplicationShutdownHook] o.s.d.r.l.RedisMessageListenerContainer  : Stopped RedisMessageListenerContainer
2025-10-17T13:41:44.660+05:30  INFO 35572 --- [backend] [SpringApplicationShutdownHook] o.s.b.w.e.tomcat.GracefulShutdown        : Commencing graceful shutdown. Waiting for active requests to complete
2025-10-17T13:41:44.671+05:30  INFO 35572 --- [backend] [tomcat-shutdown] o.s.b.w.e.tomcat.GracefulShutdown        : Graceful shutdown complete
2025-10-17T13:41:44.790+05:30  INFO 35572 --- [backend] [SpringApplicationShutdownHook] j.LocalContainerEntityManagerFactoryBean : Closing JPA EntityManagerFactory for persistence unit 'default'
2025-10-17T13:41:44.796+05:30  INFO 35572 --- [backend] [SpringApplicationShutdownHook] com.zaxxer.hikari.HikariDataSource       : HikariPool-1 - Shutdown initiated...
2025-10-17T13:41:44.804+05:30  INFO 35572 --- [backend] [SpringApplicationShutdownHook] com.zaxxer.hikari.HikariDataSource       : HikariPool-1 - Shutdown completed.
2025-10-17T13:48:39.977+05:30  INFO 24016 --- [backend] [restartedMain] c.omnishop.backend.BackendApplication    : Starting BackendApplication using Java 24.0.2 with PID 24016 (C:\Users\Rakesh\CV_Projects\Omnishop\backend\target\classes started by Rakesh in C:\Users\Rakesh\CV_Projects\Omnishop\backend)
2025-10-17T13:48:39.978+05:30 DEBUG 24016 --- [backend] [restartedMain] c.omnishop.backend.BackendApplication    : Running with Spring Boot v3.5.6, Spring v6.2.11
2025-10-17T13:48:39.980+05:30  INFO 24016 --- [backend] [restartedMain] c.omnishop.backend.BackendApplication    : No active profile set, falling back to 1 default profile: "default"
2025-10-17T13:48:40.041+05:30  INFO 24016 --- [backend] [restartedMain] .e.DevToolsPropertyDefaultsPostProcessor : Devtools property defaults active! Set 'spring.devtools.add-properties' to 'false' to disable
2025-10-17T13:48:40.041+05:30  INFO 24016 --- [backend] [restartedMain] .e.DevToolsPropertyDefaultsPostProcessor : For additional web related logging consider setting the 'logging.level.web' property to 'DEBUG'
2025-10-17T13:48:40.922+05:30  INFO 24016 --- [backend] [restartedMain] .s.d.r.c.RepositoryConfigurationDelegate : Multiple Spring Data modules found, entering strict repository configuration mode
2025-10-17T13:48:40.924+05:30  INFO 24016 --- [backend] [restartedMain] .s.d.r.c.RepositoryConfigurationDelegate : Bootstrapping Spring Data JPA repositories in DEFAULT mode.
2025-10-17T13:48:41.034+05:30  INFO 24016 --- [backend] [restartedMain] .s.d.r.c.RepositoryConfigurationDelegate : Finished Spring Data repository scanning in 100 ms. Found 1 JPA repository interface.
2025-10-17T13:48:41.056+05:30  INFO 24016 --- [backend] [restartedMain] .s.d.r.c.RepositoryConfigurationDelegate : Multiple Spring Data modules found, entering strict repository configuration mode
2025-10-17T13:48:41.057+05:30  INFO 24016 --- [backend] [restartedMain] .s.d.r.c.RepositoryConfigurationDelegate : Bootstrapping Spring Data Redis repositories in DEFAULT mode.
2025-10-17T13:48:41.078+05:30  INFO 24016 --- [backend] [restartedMain] .RepositoryConfigurationExtensionSupport : Spring Data Redis - Could not safely identify store assignment for repository candidate interface com.omnishop.backend.repository.TestRepository; If you want this repository to be a Redis repository, consider annotating your entities with one of these annotations: org.springframework.data.redis.core.RedisHash (preferred), or consider extending one of the following types with your repository: org.springframework.data.keyvalue.repository.KeyValueRepository
2025-10-17T13:48:41.078+05:30  INFO 24016 --- [backend] [restartedMain] .s.d.r.c.RepositoryConfigurationDelegate : Finished Spring Data repository scanning in 5 ms. Found 0 Redis repository interfaces.
2025-10-17T13:48:41.757+05:30  INFO 24016 --- [backend] [restartedMain] o.s.b.w.embedded.tomcat.TomcatWebServer  : Tomcat initialized with port 8081 (http)
2025-10-17T13:48:41.775+05:30  INFO 24016 --- [backend] [restartedMain] o.apache.catalina.core.StandardService   : Starting service [Tomcat]
2025-10-17T13:48:41.775+05:30  INFO 24016 --- [backend] [restartedMain] o.apache.catalina.core.StandardEngine    : Starting Servlet engine: [Apache Tomcat/10.1.46]
2025-10-17T13:48:41.827+05:30  INFO 24016 --- [backend] [restartedMain] o.a.c.c.C.[Tomcat].[localhost].[/]       : Initializing Spring embedded WebApplicationContext
2025-10-17T13:48:41.828+05:30  INFO 24016 --- [backend] [restartedMain] w.s.c.ServletWebServerApplicationContext : Root WebApplicationContext: initialization completed in 1786 ms
2025-10-17T13:48:42.032+05:30  INFO 24016 --- [backend] [restartedMain] o.hibernate.jpa.internal.util.LogHelper  : HHH000204: Processing PersistenceUnitInfo [name: default]
2025-10-17T13:48:42.088+05:30  INFO 24016 --- [backend] [restartedMain] org.hibernate.Version                    : HHH000412: Hibernate ORM core version 6.6.29.Final
2025-10-17T13:48:42.116+05:30  INFO 24016 --- [backend] [restartedMain] o.h.c.internal.RegionFactoryInitiator    : HHH000026: Second-level cache disabled
2025-10-17T13:48:42.430+05:30  INFO 24016 --- [backend] [restartedMain] o.s.o.j.p.SpringPersistenceUnitInfo      : No LoadTimeWeaver setup: ignoring JPA class transformer
2025-10-17T13:48:42.456+05:30  INFO 24016 --- [backend] [restartedMain] com.zaxxer.hikari.HikariDataSource       : HikariPool-1 - Starting...
2025-10-17T13:48:42.462+05:30  WARN 24016 --- [backend] [restartedMain] o.h.e.j.e.i.JdbcEnvironmentInitiator     : HHH000342: Could not obtain connection to query metadata

java.lang.RuntimeException: Driver com.mysql.cj.jdbc.Driver claims to not accept jdbcUrl, ${DB_URL}
	at com.zaxxer.hikari.util.DriverDataSource.<init>(DriverDataSource.java:116) ~[HikariCP-6.3.3.jar:na]
	at com.zaxxer.hikari.pool.PoolBase.initializeDataSource(PoolBase.java:333) ~[HikariCP-6.3.3.jar:na]
	at com.zaxxer.hikari.pool.PoolBase.<init>(PoolBase.java:118) ~[HikariCP-6.3.3.jar:na]
	at com.zaxxer.hikari.pool.HikariPool.<init>(HikariPool.java:90) ~[HikariCP-6.3.3.jar:na]
	at com.zaxxer.hikari.HikariDataSource.getConnection(HikariDataSource.java:111) ~[HikariCP-6.3.3.jar:na]
	at org.hibernate.engine.jdbc.connections.internal.DatasourceConnectionProviderImpl.getConnection(DatasourceConnectionProviderImpl.java:126) ~[hibernate-core-6.6.29.Final.jar:6.6.29.Final]
	at org.hibernate.engine.jdbc.env.internal.JdbcEnvironmentInitiator$ConnectionProviderJdbcConnectionAccess.obtainConnection(JdbcEnvironmentInitiator.java:485) ~[hibernate-core-6.6.29.Final.jar:6.6.29.Final]
	at org.hibernate.resource.transaction.backend.jdbc.internal.JdbcIsolationDelegate.delegateWork(JdbcIsolationDelegate.java:61) ~[hibernate-core-6.6.29.Final.jar:6.6.29.Final]
	at org.hibernate.engine.jdbc.env.internal.JdbcEnvironmentInitiator.getJdbcEnvironmentUsingJdbcMetadata(JdbcEnvironmentInitiator.java:334) ~[hibernate-core-6.6.29.Final.jar:6.6.29.Final]
	at org.hibernate.engine.jdbc.env.internal.JdbcEnvironmentInitiator.initiateService(JdbcEnvironmentInitiator.java:129) ~[hibernate-core-6.6.29.Final.jar:6.6.29.Final]
	at org.hibernate.engine.jdbc.env.internal.JdbcEnvironmentInitiator.initiateService(JdbcEnvironmentInitiator.java:81) ~[hibernate-core-6.6.29.Final.jar:6.6.29.Final]
	at org.hibernate.boot.registry.internal.StandardServiceRegistryImpl.initiateService(StandardServiceRegistryImpl.java:130) ~[hibernate-core-6.6.29.Final.jar:6.6.29.Final]
	at org.hibernate.service.internal.AbstractServiceRegistryImpl.createService(AbstractServiceRegistryImpl.java:263) ~[hibernate-core-6.6.29.Final.jar:6.6.29.Final]
	at org.hibernate.service.internal.AbstractServiceRegistryImpl.initializeService(AbstractServiceRegistryImpl.java:238) ~[hibernate-core-6.6.29.Final.jar:6.6.29.Final]
	at org.hibernate.service.internal.AbstractServiceRegistryImpl.getService(AbstractServiceRegistryImpl.java:215) ~[hibernate-core-6.6.29.Final.jar:6.6.29.Final]
	at org.hibernate.boot.model.relational.Database.<init>(Database.java:45) ~[hibernate-core-6.6.29.Final.jar:6.6.29.Final]
	at org.hibernate.boot.internal.InFlightMetadataCollectorImpl.getDatabase(InFlightMetadataCollectorImpl.java:226) ~[hibernate-core-6.6.29.Final.jar:6.6.29.Final]
	at org.hibernate.boot.internal.InFlightMetadataCollectorImpl.<init>(InFlightMetadataCollectorImpl.java:194) ~[hibernate-core-6.6.29.Final.jar:6.6.29.Final]
	at org.hibernate.boot.model.process.spi.MetadataBuildingProcess.complete(MetadataBuildingProcess.java:171) ~[hibernate-core-6.6.29.Final.jar:6.6.29.Final]
	at org.hibernate.jpa.boot.internal.EntityManagerFactoryBuilderImpl.metadata(EntityManagerFactoryBuilderImpl.java:1442) ~[hibernate-core-6.6.29.Final.jar:6.6.29.Final]
	at org.hibernate.jpa.boot.internal.EntityManagerFactoryBuilderImpl.build(EntityManagerFactoryBuilderImpl.java:1513) ~[hibernate-core-6.6.29.Final.jar:6.6.29.Final]
	at org.springframework.orm.jpa.vendor.SpringHibernateJpaPersistenceProvider.createContainerEntityManagerFactory(SpringHibernateJpaPersistenceProvider.java:66) ~[spring-orm-6.2.11.jar:6.2.11]
	at org.springframework.orm.jpa.LocalContainerEntityManagerFactoryBean.createNativeEntityManagerFactory(LocalContainerEntityManagerFactoryBean.java:390) ~[spring-orm-6.2.11.jar:6.2.11]
	at org.springframework.orm.jpa.AbstractEntityManagerFactoryBean.buildNativeEntityManagerFactory(AbstractEntityManagerFactoryBean.java:419) ~[spring-orm-6.2.11.jar:6.2.11]
	at org.springframework.orm.jpa.AbstractEntityManagerFactoryBean.afterPropertiesSet(AbstractEntityManagerFactoryBean.java:400) ~[spring-orm-6.2.11.jar:6.2.11]
	at org.springframework.orm.jpa.LocalContainerEntityManagerFactoryBean.afterPropertiesSet(LocalContainerEntityManagerFactoryBean.java:366) ~[spring-orm-6.2.11.jar:6.2.11]
	at org.springframework.beans.factory.support.AbstractAutowireCapableBeanFactory.invokeInitMethods(AbstractAutowireCapableBeanFactory.java:1873) ~[spring-beans-6.2.11.jar:6.2.11]
	at org.springframework.beans.factory.support.AbstractAutowireCapableBeanFactory.initializeBean(AbstractAutowireCapableBeanFactory.java:1822) ~[spring-beans-6.2.11.jar:6.2.11]
	at org.springframework.beans.factory.support.AbstractAutowireCapableBeanFactory.doCreateBean(AbstractAutowireCapableBeanFactory.java:607) ~[spring-beans-6.2.11.jar:6.2.11]
	at org.springframework.beans.factory.support.AbstractAutowireCapableBeanFactory.createBean(AbstractAutowireCapableBeanFactory.java:529) ~[spring-beans-6.2.11.jar:6.2.11]
	at org.springframework.beans.factory.support.AbstractBeanFactory.lambda$doGetBean$0(AbstractBeanFactory.java:339) ~[spring-beans-6.2.11.jar:6.2.11]
	at org.springframework.beans.factory.support.DefaultSingletonBeanRegistry.getSingleton(DefaultSingletonBeanRegistry.java:373) ~[spring-beans-6.2.11.jar:6.2.11]
	at org.springframework.beans.factory.support.AbstractBeanFactory.doGetBean(AbstractBeanFactory.java:337) ~[spring-beans-6.2.11.jar:6.2.11]
	at org.springframework.beans.factory.support.AbstractBeanFactory.getBean(AbstractBeanFactory.java:207) ~[spring-beans-6.2.11.jar:6.2.11]
	at org.springframework.context.support.AbstractApplicationContext.finishBeanFactoryInitialization(AbstractApplicationContext.java:970) ~[spring-context-6.2.11.jar:6.2.11]
	at org.springframework.context.support.AbstractApplicationContext.refresh(AbstractApplicationContext.java:627) ~[spring-context-6.2.11.jar:6.2.11]
	at org.springframework.boot.web.servlet.context.ServletWebServerApplicationContext.refresh(ServletWebServerApplicationContext.java:146) ~[spring-boot-3.5.6.jar:3.5.6]
	at org.springframework.boot.SpringApplication.refresh(SpringApplication.java:752) ~[spring-boot-3.5.6.jar:3.5.6]
	at org.springframework.boot.SpringApplication.refreshContext(SpringApplication.java:439) ~[spring-boot-3.5.6.jar:3.5.6]
	at org.springframework.boot.SpringApplication.run(SpringApplication.java:318) ~[spring-boot-3.5.6.jar:3.5.6]
	at org.springframework.boot.SpringApplication.run(SpringApplication.java:1361) ~[spring-boot-3.5.6.jar:3.5.6]
	at org.springframework.boot.SpringApplication.run(SpringApplication.java:1350) ~[spring-boot-3.5.6.jar:3.5.6]
	at com.omnishop.backend.BackendApplication.main(BackendApplication.java:12) ~[classes/:na]
	at java.base/jdk.internal.reflect.DirectMethodHandleAccessor.invoke(DirectMethodHandleAccessor.java:104) ~[na:na]
	at java.base/java.lang.reflect.Method.invoke(Method.java:565) ~[na:na]
	at org.springframework.boot.devtools.restart.RestartLauncher.run(RestartLauncher.java:50) ~[spring-boot-devtools-3.5.6.jar:3.5.6]

2025-10-17T13:48:42.481+05:30  WARN 24016 --- [backend] [restartedMain] org.hibernate.orm.deprecation            : HHH90000025: MySQLDialect does not need to be specified explicitly using 'hibernate.dialect' (remove the property setting and it will be selected by default)
2025-10-17T13:48:42.489+05:30  INFO 24016 --- [backend] [restartedMain] org.hibernate.orm.connections.pooling    : HHH10001005: Database info:
	Database JDBC URL [Connecting through datasource 'HikariDataSource (null)']
	Database driver: undefined/unknown
	Database version: 8.0
	Autocommit mode: undefined/unknown
	Isolation level: undefined/unknown
	Minimum pool size: undefined/unknown
	Maximum pool size: undefined/unknown
2025-10-17T13:48:43.233+05:30  INFO 24016 --- [backend] [restartedMain] o.h.e.t.j.p.i.JtaPlatformInitiator       : HHH000489: No JTA platform available (set 'hibernate.transaction.jta.platform' to enable JTA platform integration)
2025-10-17T13:48:43.250+05:30  INFO 24016 --- [backend] [restartedMain] com.zaxxer.hikari.HikariDataSource       : HikariPool-1 - Starting...
2025-10-17T13:48:43.253+05:30 ERROR 24016 --- [backend] [restartedMain] j.LocalContainerEntityManagerFactoryBean : Failed to initialize JPA EntityManagerFactory: [PersistenceUnit: default] Unable to build Hibernate SessionFactory; nested exception is java.lang.RuntimeException: Driver com.mysql.cj.jdbc.Driver claims to not accept jdbcUrl, ${DB_URL}
2025-10-17T13:48:43.254+05:30  WARN 24016 --- [backend] [restartedMain] ConfigServletWebServerApplicationContext : Exception encountered during context initialization - cancelling refresh attempt: org.springframework.beans.factory.BeanCreationException: Error creating bean with name 'entityManagerFactory' defined in class path resource [org/springframework/boot/autoconfigure/orm/jpa/HibernateJpaConfiguration.class]: [PersistenceUnit: default] Unable to build Hibernate SessionFactory; nested exception is java.lang.RuntimeException: Driver com.mysql.cj.jdbc.Driver claims to not accept jdbcUrl, ${DB_URL}
2025-10-17T13:48:43.257+05:30  INFO 24016 --- [backend] [restartedMain] o.apache.catalina.core.StandardService   : Stopping service [Tomcat]
2025-10-17T13:48:43.266+05:30  INFO 24016 --- [backend] [restartedMain] .s.b.a.l.ConditionEvaluationReportLogger : 

Error starting ApplicationContext. To display the condition evaluation report re-run your application with 'debug' enabled.
2025-10-17T13:48:43.287+05:30 ERROR 24016 --- [backend] [restartedMain] o.s.boot.SpringApplication               : Application run failed

org.springframework.beans.factory.BeanCreationException: Error creating bean with name 'entityManagerFactory' defined in class path resource [org/springframework/boot/autoconfigure/orm/jpa/HibernateJpaConfiguration.class]: [PersistenceUnit: default] Unable to build Hibernate SessionFactory; nested exception is java.lang.RuntimeException: Driver com.mysql.cj.jdbc.Driver claims to not accept jdbcUrl, ${DB_URL}
	at org.springframework.beans.factory.support.AbstractAutowireCapableBeanFactory.initializeBean(AbstractAutowireCapableBeanFactory.java:1826) ~[spring-beans-6.2.11.jar:6.2.11]
	at org.springframework.beans.factory.support.AbstractAutowireCapableBeanFactory.doCreateBean(AbstractAutowireCapableBeanFactory.java:607) ~[spring-beans-6.2.11.jar:6.2.11]
	at org.springframework.beans.factory.support.AbstractAutowireCapableBeanFactory.createBean(AbstractAutowireCapableBeanFactory.java:529) ~[spring-beans-6.2.11.jar:6.2.11]
	at org.springframework.beans.factory.support.AbstractBeanFactory.lambda$doGetBean$0(AbstractBeanFactory.java:339) ~[spring-beans-6.2.11.jar:6.2.11]
	at org.springframework.beans.factory.support.DefaultSingletonBeanRegistry.getSingleton(DefaultSingletonBeanRegistry.java:373) ~[spring-beans-6.2.11.jar:6.2.11]
	at org.springframework.beans.factory.support.AbstractBeanFactory.doGetBean(AbstractBeanFactory.java:337) ~[spring-beans-6.2.11.jar:6.2.11]
	at org.springframework.beans.factory.support.AbstractBeanFactory.getBean(AbstractBeanFactory.java:207) ~[spring-beans-6.2.11.jar:6.2.11]
	at org.springframework.context.support.AbstractApplicationContext.finishBeanFactoryInitialization(AbstractApplicationContext.java:970) ~[spring-context-6.2.11.jar:6.2.11]
	at org.springframework.context.support.AbstractApplicationContext.refresh(AbstractApplicationContext.java:627) ~[spring-context-6.2.11.jar:6.2.11]
	at org.springframework.boot.web.servlet.context.ServletWebServerApplicationContext.refresh(ServletWebServerApplicationContext.java:146) ~[spring-boot-3.5.6.jar:3.5.6]
	at org.springframework.boot.SpringApplication.refresh(SpringApplication.java:752) ~[spring-boot-3.5.6.jar:3.5.6]
	at org.springframework.boot.SpringApplication.refreshContext(SpringApplication.java:439) ~[spring-boot-3.5.6.jar:3.5.6]
	at org.springframework.boot.SpringApplication.run(SpringApplication.java:318) ~[spring-boot-3.5.6.jar:3.5.6]
	at org.springframework.boot.SpringApplication.run(SpringApplication.java:1361) ~[spring-boot-3.5.6.jar:3.5.6]
	at org.springframework.boot.SpringApplication.run(SpringApplication.java:1350) ~[spring-boot-3.5.6.jar:3.5.6]
	at com.omnishop.backend.BackendApplication.main(BackendApplication.java:12) ~[classes/:na]
	at java.base/jdk.internal.reflect.DirectMethodHandleAccessor.invoke(DirectMethodHandleAccessor.java:104) ~[na:na]
	at java.base/java.lang.reflect.Method.invoke(Method.java:565) ~[na:na]
	at org.springframework.boot.devtools.restart.RestartLauncher.run(RestartLauncher.java:50) ~[spring-boot-devtools-3.5.6.jar:3.5.6]
Caused by: jakarta.persistence.PersistenceException: [PersistenceUnit: default] Unable to build Hibernate SessionFactory; nested exception is java.lang.RuntimeException: Driver com.mysql.cj.jdbc.Driver claims to not accept jdbcUrl, ${DB_URL}
	at org.springframework.orm.jpa.AbstractEntityManagerFactoryBean.buildNativeEntityManagerFactory(AbstractEntityManagerFactoryBean.java:431) ~[spring-orm-6.2.11.jar:6.2.11]
	at org.springframework.orm.jpa.AbstractEntityManagerFactoryBean.afterPropertiesSet(AbstractEntityManagerFactoryBean.java:400) ~[spring-orm-6.2.11.jar:6.2.11]
	at org.springframework.orm.jpa.LocalContainerEntityManagerFactoryBean.afterPropertiesSet(LocalContainerEntityManagerFactoryBean.java:366) ~[spring-orm-6.2.11.jar:6.2.11]
	at org.springframework.beans.factory.support.AbstractAutowireCapableBeanFactory.invokeInitMethods(AbstractAutowireCapableBeanFactory.java:1873) ~[spring-beans-6.2.11.jar:6.2.11]
	at org.springframework.beans.factory.support.AbstractAutowireCapableBeanFactory.initializeBean(AbstractAutowireCapableBeanFactory.java:1822) ~[spring-beans-6.2.11.jar:6.2.11]
	... 18 common frames omitted
Caused by: java.lang.RuntimeException: Driver com.mysql.cj.jdbc.Driver claims to not accept jdbcUrl, ${DB_URL}
	at com.zaxxer.hikari.util.DriverDataSource.<init>(DriverDataSource.java:116) ~[HikariCP-6.3.3.jar:na]
	at com.zaxxer.hikari.pool.PoolBase.initializeDataSource(PoolBase.java:333) ~[HikariCP-6.3.3.jar:na]
	at com.zaxxer.hikari.pool.PoolBase.<init>(PoolBase.java:118) ~[HikariCP-6.3.3.jar:na]
	at com.zaxxer.hikari.pool.HikariPool.<init>(HikariPool.java:90) ~[HikariCP-6.3.3.jar:na]
	at com.zaxxer.hikari.HikariDataSource.getConnection(HikariDataSource.java:111) ~[HikariCP-6.3.3.jar:na]
	at org.hibernate.engine.jdbc.connections.internal.DatasourceConnectionProviderImpl.getConnection(DatasourceConnectionProviderImpl.java:126) ~[hibernate-core-6.6.29.Final.jar:6.6.29.Final]
	at org.hibernate.engine.jdbc.env.internal.JdbcEnvironmentInitiator$ConnectionProviderJdbcConnectionAccess.obtainConnection(JdbcEnvironmentInitiator.java:485) ~[hibernate-core-6.6.29.Final.jar:6.6.29.Final]
	at org.hibernate.resource.transaction.backend.jdbc.internal.DdlTransactionIsolatorNonJtaImpl.getIsolatedConnection(DdlTransactionIsolatorNonJtaImpl.java:46) ~[hibernate-core-6.6.29.Final.jar:6.6.29.Final]
	at org.hibernate.resource.transaction.backend.jdbc.internal.DdlTransactionIsolatorNonJtaImpl.getIsolatedConnection(DdlTransactionIsolatorNonJtaImpl.java:39) ~[hibernate-core-6.6.29.Final.jar:6.6.29.Final]
	at org.hibernate.tool.schema.internal.exec.ImprovedExtractionContextImpl.getJdbcConnection(ImprovedExtractionContextImpl.java:63) ~[hibernate-core-6.6.29.Final.jar:6.6.29.Final]
	at org.hibernate.tool.schema.internal.exec.ImprovedExtractionContextImpl.getJdbcDatabaseMetaData(ImprovedExtractionContextImpl.java:70) ~[hibernate-core-6.6.29.Final.jar:6.6.29.Final]
	at org.hibernate.tool.schema.extract.internal.InformationExtractorJdbcDatabaseMetaDataImpl.processTableResultSet(InformationExtractorJdbcDatabaseMetaDataImpl.java:65) ~[hibernate-core-6.6.29.Final.jar:6.6.29.Final]
	at org.hibernate.tool.schema.extract.internal.AbstractInformationExtractorImpl.getTables(AbstractInformationExtractorImpl.java:570) ~[hibernate-core-6.6.29.Final.jar:6.6.29.Final]
	at org.hibernate.tool.schema.extract.internal.DatabaseInformationImpl.getTablesInformation(DatabaseInformationImpl.java:122) ~[hibernate-core-6.6.29.Final.jar:6.6.29.Final]
	at org.hibernate.tool.schema.internal.GroupedSchemaMigratorImpl.performTablesMigration(GroupedSchemaMigratorImpl.java:72) ~[hibernate-core-6.6.29.Final.jar:6.6.29.Final]
	at org.hibernate.tool.schema.internal.AbstractSchemaMigrator.performMigration(AbstractSchemaMigrator.java:233) ~[hibernate-core-6.6.29.Final.jar:6.6.29.Final]
	at org.hibernate.tool.schema.internal.AbstractSchemaMigrator.doMigration(AbstractSchemaMigrator.java:112) ~[hibernate-core-6.6.29.Final.jar:6.6.29.Final]
	at org.hibernate.tool.schema.spi.SchemaManagementToolCoordinator.performDatabaseAction(SchemaManagementToolCoordinator.java:280) ~[hibernate-core-6.6.29.Final.jar:6.6.29.Final]
	at org.hibernate.tool.schema.spi.SchemaManagementToolCoordinator.lambda$process$5(SchemaManagementToolCoordinator.java:144) ~[hibernate-core-6.6.29.Final.jar:6.6.29.Final]
	at java.base/java.util.HashMap.forEach(HashMap.java:1430) ~[na:na]
	at org.hibernate.tool.schema.spi.SchemaManagementToolCoordinator.process(SchemaManagementToolCoordinator.java:141) ~[hibernate-core-6.6.29.Final.jar:6.6.29.Final]
	at org.hibernate.boot.internal.SessionFactoryObserverForSchemaExport.sessionFactoryCreated(SessionFactoryObserverForSchemaExport.java:37) ~[hibernate-core-6.6.29.Final.jar:6.6.29.Final]
	at org.hibernate.internal.SessionFactoryObserverChain.sessionFactoryCreated(SessionFactoryObserverChain.java:35) ~[hibernate-core-6.6.29.Final.jar:6.6.29.Final]
	at org.hibernate.internal.SessionFactoryImpl.<init>(SessionFactoryImpl.java:324) ~[hibernate-core-6.6.29.Final.jar:6.6.29.Final]
	at org.hibernate.boot.internal.SessionFactoryBuilderImpl.build(SessionFactoryBuilderImpl.java:463) ~[hibernate-core-6.6.29.Final.jar:6.6.29.Final]
	at org.hibernate.jpa.boot.internal.EntityManagerFactoryBuilderImpl.build(EntityManagerFactoryBuilderImpl.java:1517) ~[hibernate-core-6.6.29.Final.jar:6.6.29.Final]
	at org.springframework.orm.jpa.vendor.SpringHibernateJpaPersistenceProvider.createContainerEntityManagerFactory(SpringHibernateJpaPersistenceProvider.java:66) ~[spring-orm-6.2.11.jar:6.2.11]
	at org.springframework.orm.jpa.LocalContainerEntityManagerFactoryBean.createNativeEntityManagerFactory(LocalContainerEntityManagerFactoryBean.java:390) ~[spring-orm-6.2.11.jar:6.2.11]
	at org.springframework.orm.jpa.AbstractEntityManagerFactoryBean.buildNativeEntityManagerFactory(AbstractEntityManagerFactoryBean.java:419) ~[spring-orm-6.2.11.jar:6.2.11]
	... 22 common frames omitted

2025-10-17T13:49:40.202+05:30  INFO 4812 --- [backend] [restartedMain] c.omnishop.backend.BackendApplication    : Starting BackendApplication using Java 24.0.2 with PID 4812 (C:\Users\Rakesh\CV_Projects\Omnishop\backend\target\classes started by Rakesh in C:\Users\Rakesh\CV_Projects\Omnishop\backend)
2025-10-17T13:49:40.204+05:30 DEBUG 4812 --- [backend] [restartedMain] c.omnishop.backend.BackendApplication    : Running with Spring Boot v3.5.6, Spring v6.2.11
2025-10-17T13:49:40.204+05:30  INFO 4812 --- [backend] [restartedMain] c.omnishop.backend.BackendApplication    : No active profile set, falling back to 1 default profile: "default"
2025-10-17T13:49:40.263+05:30  INFO 4812 --- [backend] [restartedMain] .e.DevToolsPropertyDefaultsPostProcessor : Devtools property defaults active! Set 'spring.devtools.add-properties' to 'false' to disable
2025-10-17T13:49:40.263+05:30  INFO 4812 --- [backend] [restartedMain] .e.DevToolsPropertyDefaultsPostProcessor : For additional web related logging consider setting the 'logging.level.web' property to 'DEBUG'
2025-10-17T13:49:41.066+05:30  INFO 4812 --- [backend] [restartedMain] .s.d.r.c.RepositoryConfigurationDelegate : Multiple Spring Data modules found, entering strict repository configuration mode
2025-10-17T13:49:41.068+05:30  INFO 4812 --- [backend] [restartedMain] .s.d.r.c.RepositoryConfigurationDelegate : Bootstrapping Spring Data JPA repositories in DEFAULT mode.
2025-10-17T13:49:41.203+05:30  INFO 4812 --- [backend] [restartedMain] .s.d.r.c.RepositoryConfigurationDelegate : Finished Spring Data repository scanning in 123 ms. Found 1 JPA repository interface.
2025-10-17T13:49:41.227+05:30  INFO 4812 --- [backend] [restartedMain] .s.d.r.c.RepositoryConfigurationDelegate : Multiple Spring Data modules found, entering strict repository configuration mode
2025-10-17T13:49:41.229+05:30  INFO 4812 --- [backend] [restartedMain] .s.d.r.c.RepositoryConfigurationDelegate : Bootstrapping Spring Data Redis repositories in DEFAULT mode.
2025-10-17T13:49:41.243+05:30  INFO 4812 --- [backend] [restartedMain] .RepositoryConfigurationExtensionSupport : Spring Data Redis - Could not safely identify store assignment for repository candidate interface com.omnishop.backend.repository.TestRepository; If you want this repository to be a Redis repository, consider annotating your entities with one of these annotations: org.springframework.data.redis.core.RedisHash (preferred), or consider extending one of the following types with your repository: org.springframework.data.keyvalue.repository.KeyValueRepository
2025-10-17T13:49:41.243+05:30  INFO 4812 --- [backend] [restartedMain] .s.d.r.c.RepositoryConfigurationDelegate : Finished Spring Data repository scanning in 6 ms. Found 0 Redis repository interfaces.
2025-10-17T13:49:41.877+05:30  INFO 4812 --- [backend] [restartedMain] o.s.b.w.embedded.tomcat.TomcatWebServer  : Tomcat initialized with port 8081 (http)
2025-10-17T13:49:41.895+05:30  INFO 4812 --- [backend] [restartedMain] o.apache.catalina.core.StandardService   : Starting service [Tomcat]
2025-10-17T13:49:41.896+05:30  INFO 4812 --- [backend] [restartedMain] o.apache.catalina.core.StandardEngine    : Starting Servlet engine: [Apache Tomcat/10.1.46]
2025-10-17T13:49:41.938+05:30  INFO 4812 --- [backend] [restartedMain] o.a.c.c.C.[Tomcat].[localhost].[/]       : Initializing Spring embedded WebApplicationContext
2025-10-17T13:49:41.938+05:30  INFO 4812 --- [backend] [restartedMain] w.s.c.ServletWebServerApplicationContext : Root WebApplicationContext: initialization completed in 1674 ms
2025-10-17T13:49:42.133+05:30  INFO 4812 --- [backend] [restartedMain] o.hibernate.jpa.internal.util.LogHelper  : HHH000204: Processing PersistenceUnitInfo [name: default]
2025-10-17T13:49:42.183+05:30  INFO 4812 --- [backend] [restartedMain] org.hibernate.Version                    : HHH000412: Hibernate ORM core version 6.6.29.Final
2025-10-17T13:49:42.224+05:30  INFO 4812 --- [backend] [restartedMain] o.h.c.internal.RegionFactoryInitiator    : HHH000026: Second-level cache disabled
2025-10-17T13:49:42.526+05:30  INFO 4812 --- [backend] [restartedMain] o.s.o.j.p.SpringPersistenceUnitInfo      : No LoadTimeWeaver setup: ignoring JPA class transformer
2025-10-17T13:49:42.547+05:30  INFO 4812 --- [backend] [restartedMain] com.zaxxer.hikari.HikariDataSource       : HikariPool-1 - Starting...
2025-10-17T13:49:42.553+05:30  WARN 4812 --- [backend] [restartedMain] o.h.e.j.e.i.JdbcEnvironmentInitiator     : HHH000342: Could not obtain connection to query metadata

java.lang.RuntimeException: Driver com.mysql.cj.jdbc.Driver claims to not accept jdbcUrl, ${DB_URL}
	at com.zaxxer.hikari.util.DriverDataSource.<init>(DriverDataSource.java:116) ~[HikariCP-6.3.3.jar:na]
	at com.zaxxer.hikari.pool.PoolBase.initializeDataSource(PoolBase.java:333) ~[HikariCP-6.3.3.jar:na]
	at com.zaxxer.hikari.pool.PoolBase.<init>(PoolBase.java:118) ~[HikariCP-6.3.3.jar:na]
	at com.zaxxer.hikari.pool.HikariPool.<init>(HikariPool.java:90) ~[HikariCP-6.3.3.jar:na]
	at com.zaxxer.hikari.HikariDataSource.getConnection(HikariDataSource.java:111) ~[HikariCP-6.3.3.jar:na]
	at org.hibernate.engine.jdbc.connections.internal.DatasourceConnectionProviderImpl.getConnection(DatasourceConnectionProviderImpl.java:126) ~[hibernate-core-6.6.29.Final.jar:6.6.29.Final]
	at org.hibernate.engine.jdbc.env.internal.JdbcEnvironmentInitiator$ConnectionProviderJdbcConnectionAccess.obtainConnection(JdbcEnvironmentInitiator.java:485) ~[hibernate-core-6.6.29.Final.jar:6.6.29.Final]
	at org.hibernate.resource.transaction.backend.jdbc.internal.JdbcIsolationDelegate.delegateWork(JdbcIsolationDelegate.java:61) ~[hibernate-core-6.6.29.Final.jar:6.6.29.Final]
	at org.hibernate.engine.jdbc.env.internal.JdbcEnvironmentInitiator.getJdbcEnvironmentUsingJdbcMetadata(JdbcEnvironmentInitiator.java:334) ~[hibernate-core-6.6.29.Final.jar:6.6.29.Final]
	at org.hibernate.engine.jdbc.env.internal.JdbcEnvironmentInitiator.initiateService(JdbcEnvironmentInitiator.java:129) ~[hibernate-core-6.6.29.Final.jar:6.6.29.Final]
	at org.hibernate.engine.jdbc.env.internal.JdbcEnvironmentInitiator.initiateService(JdbcEnvironmentInitiator.java:81) ~[hibernate-core-6.6.29.Final.jar:6.6.29.Final]
	at org.hibernate.boot.registry.internal.StandardServiceRegistryImpl.initiateService(StandardServiceRegistryImpl.java:130) ~[hibernate-core-6.6.29.Final.jar:6.6.29.Final]
	at org.hibernate.service.internal.AbstractServiceRegistryImpl.createService(AbstractServiceRegistryImpl.java:263) ~[hibernate-core-6.6.29.Final.jar:6.6.29.Final]
	at org.hibernate.service.internal.AbstractServiceRegistryImpl.initializeService(AbstractServiceRegistryImpl.java:238) ~[hibernate-core-6.6.29.Final.jar:6.6.29.Final]
	at org.hibernate.service.internal.AbstractServiceRegistryImpl.getService(AbstractServiceRegistryImpl.java:215) ~[hibernate-core-6.6.29.Final.jar:6.6.29.Final]
	at org.hibernate.boot.model.relational.Database.<init>(Database.java:45) ~[hibernate-core-6.6.29.Final.jar:6.6.29.Final]
	at org.hibernate.boot.internal.InFlightMetadataCollectorImpl.getDatabase(InFlightMetadataCollectorImpl.java:226) ~[hibernate-core-6.6.29.Final.jar:6.6.29.Final]
	at org.hibernate.boot.internal.InFlightMetadataCollectorImpl.<init>(InFlightMetadataCollectorImpl.java:194) ~[hibernate-core-6.6.29.Final.jar:6.6.29.Final]
	at org.hibernate.boot.model.process.spi.MetadataBuildingProcess.complete(MetadataBuildingProcess.java:171) ~[hibernate-core-6.6.29.Final.jar:6.6.29.Final]
	at org.hibernate.jpa.boot.internal.EntityManagerFactoryBuilderImpl.metadata(EntityManagerFactoryBuilderImpl.java:1442) ~[hibernate-core-6.6.29.Final.jar:6.6.29.Final]
	at org.hibernate.jpa.boot.internal.EntityManagerFactoryBuilderImpl.build(EntityManagerFactoryBuilderImpl.java:1513) ~[hibernate-core-6.6.29.Final.jar:6.6.29.Final]
	at org.springframework.orm.jpa.vendor.SpringHibernateJpaPersistenceProvider.createContainerEntityManagerFactory(SpringHibernateJpaPersistenceProvider.java:66) ~[spring-orm-6.2.11.jar:6.2.11]
	at org.springframework.orm.jpa.LocalContainerEntityManagerFactoryBean.createNativeEntityManagerFactory(LocalContainerEntityManagerFactoryBean.java:390) ~[spring-orm-6.2.11.jar:6.2.11]
	at org.springframework.orm.jpa.AbstractEntityManagerFactoryBean.buildNativeEntityManagerFactory(AbstractEntityManagerFactoryBean.java:419) ~[spring-orm-6.2.11.jar:6.2.11]
	at org.springframework.orm.jpa.AbstractEntityManagerFactoryBean.afterPropertiesSet(AbstractEntityManagerFactoryBean.java:400) ~[spring-orm-6.2.11.jar:6.2.11]
	at org.springframework.orm.jpa.LocalContainerEntityManagerFactoryBean.afterPropertiesSet(LocalContainerEntityManagerFactoryBean.java:366) ~[spring-orm-6.2.11.jar:6.2.11]
	at org.springframework.beans.factory.support.AbstractAutowireCapableBeanFactory.invokeInitMethods(AbstractAutowireCapableBeanFactory.java:1873) ~[spring-beans-6.2.11.jar:6.2.11]
	at org.springframework.beans.factory.support.AbstractAutowireCapableBeanFactory.initializeBean(AbstractAutowireCapableBeanFactory.java:1822) ~[spring-beans-6.2.11.jar:6.2.11]
	at org.springframework.beans.factory.support.AbstractAutowireCapableBeanFactory.doCreateBean(AbstractAutowireCapableBeanFactory.java:607) ~[spring-beans-6.2.11.jar:6.2.11]
	at org.springframework.beans.factory.support.AbstractAutowireCapableBeanFactory.createBean(AbstractAutowireCapableBeanFactory.java:529) ~[spring-beans-6.2.11.jar:6.2.11]
	at org.springframework.beans.factory.support.AbstractBeanFactory.lambda$doGetBean$0(AbstractBeanFactory.java:339) ~[spring-beans-6.2.11.jar:6.2.11]
	at org.springframework.beans.factory.support.DefaultSingletonBeanRegistry.getSingleton(DefaultSingletonBeanRegistry.java:373) ~[spring-beans-6.2.11.jar:6.2.11]
	at org.springframework.beans.factory.support.AbstractBeanFactory.doGetBean(AbstractBeanFactory.java:337) ~[spring-beans-6.2.11.jar:6.2.11]
	at org.springframework.beans.factory.support.AbstractBeanFactory.getBean(AbstractBeanFactory.java:207) ~[spring-beans-6.2.11.jar:6.2.11]
	at org.springframework.context.support.AbstractApplicationContext.finishBeanFactoryInitialization(AbstractApplicationContext.java:970) ~[spring-context-6.2.11.jar:6.2.11]
	at org.springframework.context.support.AbstractApplicationContext.refresh(AbstractApplicationContext.java:627) ~[spring-context-6.2.11.jar:6.2.11]
	at org.springframework.boot.web.servlet.context.ServletWebServerApplicationContext.refresh(ServletWebServerApplicationContext.java:146) ~[spring-boot-3.5.6.jar:3.5.6]
	at org.springframework.boot.SpringApplication.refresh(SpringApplication.java:752) ~[spring-boot-3.5.6.jar:3.5.6]
	at org.springframework.boot.SpringApplication.refreshContext(SpringApplication.java:439) ~[spring-boot-3.5.6.jar:3.5.6]
	at org.springframework.boot.SpringApplication.run(SpringApplication.java:318) ~[spring-boot-3.5.6.jar:3.5.6]
	at org.springframework.boot.SpringApplication.run(SpringApplication.java:1361) ~[spring-boot-3.5.6.jar:3.5.6]
	at org.springframework.boot.SpringApplication.run(SpringApplication.java:1350) ~[spring-boot-3.5.6.jar:3.5.6]
	at com.omnishop.backend.BackendApplication.main(BackendApplication.java:12) ~[classes/:na]
	at java.base/jdk.internal.reflect.DirectMethodHandleAccessor.invoke(DirectMethodHandleAccessor.java:104) ~[na:na]
	at java.base/java.lang.reflect.Method.invoke(Method.java:565) ~[na:na]
	at org.springframework.boot.devtools.restart.RestartLauncher.run(RestartLauncher.java:50) ~[spring-boot-devtools-3.5.6.jar:3.5.6]

2025-10-17T13:49:42.569+05:30  WARN 4812 --- [backend] [restartedMain] org.hibernate.orm.deprecation            : HHH90000025: MySQLDialect does not need to be specified explicitly using 'hibernate.dialect' (remove the property setting and it will be selected by default)
2025-10-17T13:49:42.578+05:30  INFO 4812 --- [backend] [restartedMain] org.hibernate.orm.connections.pooling    : HHH10001005: Database info:
	Database JDBC URL [Connecting through datasource 'HikariDataSource (null)']
	Database driver: undefined/unknown
	Database version: 8.0
	Autocommit mode: undefined/unknown
	Isolation level: undefined/unknown
	Minimum pool size: undefined/unknown
	Maximum pool size: undefined/unknown
2025-10-17T13:49:43.218+05:30  INFO 4812 --- [backend] [restartedMain] o.h.e.t.j.p.i.JtaPlatformInitiator       : HHH000489: No JTA platform available (set 'hibernate.transaction.jta.platform' to enable JTA platform integration)
2025-10-17T13:49:43.251+05:30  INFO 4812 --- [backend] [restartedMain] com.zaxxer.hikari.HikariDataSource       : HikariPool-1 - Starting...
2025-10-17T13:49:43.253+05:30 ERROR 4812 --- [backend] [restartedMain] j.LocalContainerEntityManagerFactoryBean : Failed to initialize JPA EntityManagerFactory: [PersistenceUnit: default] Unable to build Hibernate SessionFactory; nested exception is java.lang.RuntimeException: Driver com.mysql.cj.jdbc.Driver claims to not accept jdbcUrl, ${DB_URL}
2025-10-17T13:49:43.254+05:30  WARN 4812 --- [backend] [restartedMain] ConfigServletWebServerApplicationContext : Exception encountered during context initialization - cancelling refresh attempt: org.springframework.beans.factory.BeanCreationException: Error creating bean with name 'entityManagerFactory' defined in class path resource [org/springframework/boot/autoconfigure/orm/jpa/HibernateJpaConfiguration.class]: [PersistenceUnit: default] Unable to build Hibernate SessionFactory; nested exception is java.lang.RuntimeException: Driver com.mysql.cj.jdbc.Driver claims to not accept jdbcUrl, ${DB_URL}
2025-10-17T13:49:43.258+05:30  INFO 4812 --- [backend] [restartedMain] o.apache.catalina.core.StandardService   : Stopping service [Tomcat]
2025-10-17T13:49:43.266+05:30  INFO 4812 --- [backend] [restartedMain] .s.b.a.l.ConditionEvaluationReportLogger : 

Error starting ApplicationContext. To display the condition evaluation report re-run your application with 'debug' enabled.
2025-10-17T13:49:43.288+05:30 ERROR 4812 --- [backend] [restartedMain] o.s.boot.SpringApplication               : Application run failed

org.springframework.beans.factory.BeanCreationException: Error creating bean with name 'entityManagerFactory' defined in class path resource [org/springframework/boot/autoconfigure/orm/jpa/HibernateJpaConfiguration.class]: [PersistenceUnit: default] Unable to build Hibernate SessionFactory; nested exception is java.lang.RuntimeException: Driver com.mysql.cj.jdbc.Driver claims to not accept jdbcUrl, ${DB_URL}
	at org.springframework.beans.factory.support.AbstractAutowireCapableBeanFactory.initializeBean(AbstractAutowireCapableBeanFactory.java:1826) ~[spring-beans-6.2.11.jar:6.2.11]
	at org.springframework.beans.factory.support.AbstractAutowireCapableBeanFactory.doCreateBean(AbstractAutowireCapableBeanFactory.java:607) ~[spring-beans-6.2.11.jar:6.2.11]
	at org.springframework.beans.factory.support.AbstractAutowireCapableBeanFactory.createBean(AbstractAutowireCapableBeanFactory.java:529) ~[spring-beans-6.2.11.jar:6.2.11]
	at org.springframework.beans.factory.support.AbstractBeanFactory.lambda$doGetBean$0(AbstractBeanFactory.java:339) ~[spring-beans-6.2.11.jar:6.2.11]
	at org.springframework.beans.factory.support.DefaultSingletonBeanRegistry.getSingleton(DefaultSingletonBeanRegistry.java:373) ~[spring-beans-6.2.11.jar:6.2.11]
	at org.springframework.beans.factory.support.AbstractBeanFactory.doGetBean(AbstractBeanFactory.java:337) ~[spring-beans-6.2.11.jar:6.2.11]
	at org.springframework.beans.factory.support.AbstractBeanFactory.getBean(AbstractBeanFactory.java:207) ~[spring-beans-6.2.11.jar:6.2.11]
	at org.springframework.context.support.AbstractApplicationContext.finishBeanFactoryInitialization(AbstractApplicationContext.java:970) ~[spring-context-6.2.11.jar:6.2.11]
	at org.springframework.context.support.AbstractApplicationContext.refresh(AbstractApplicationContext.java:627) ~[spring-context-6.2.11.jar:6.2.11]
	at org.springframework.boot.web.servlet.context.ServletWebServerApplicationContext.refresh(ServletWebServerApplicationContext.java:146) ~[spring-boot-3.5.6.jar:3.5.6]
	at org.springframework.boot.SpringApplication.refresh(SpringApplication.java:752) ~[spring-boot-3.5.6.jar:3.5.6]
	at org.springframework.boot.SpringApplication.refreshContext(SpringApplication.java:439) ~[spring-boot-3.5.6.jar:3.5.6]
	at org.springframework.boot.SpringApplication.run(SpringApplication.java:318) ~[spring-boot-3.5.6.jar:3.5.6]
	at org.springframework.boot.SpringApplication.run(SpringApplication.java:1361) ~[spring-boot-3.5.6.jar:3.5.6]
	at org.springframework.boot.SpringApplication.run(SpringApplication.java:1350) ~[spring-boot-3.5.6.jar:3.5.6]
	at com.omnishop.backend.BackendApplication.main(BackendApplication.java:12) ~[classes/:na]
	at java.base/jdk.internal.reflect.DirectMethodHandleAccessor.invoke(DirectMethodHandleAccessor.java:104) ~[na:na]
	at java.base/java.lang.reflect.Method.invoke(Method.java:565) ~[na:na]
	at org.springframework.boot.devtools.restart.RestartLauncher.run(RestartLauncher.java:50) ~[spring-boot-devtools-3.5.6.jar:3.5.6]
Caused by: jakarta.persistence.PersistenceException: [PersistenceUnit: default] Unable to build Hibernate SessionFactory; nested exception is java.lang.RuntimeException: Driver com.mysql.cj.jdbc.Driver claims to not accept jdbcUrl, ${DB_URL}
	at org.springframework.orm.jpa.AbstractEntityManagerFactoryBean.buildNativeEntityManagerFactory(AbstractEntityManagerFactoryBean.java:431) ~[spring-orm-6.2.11.jar:6.2.11]
	at org.springframework.orm.jpa.AbstractEntityManagerFactoryBean.afterPropertiesSet(AbstractEntityManagerFactoryBean.java:400) ~[spring-orm-6.2.11.jar:6.2.11]
	at org.springframework.orm.jpa.LocalContainerEntityManagerFactoryBean.afterPropertiesSet(LocalContainerEntityManagerFactoryBean.java:366) ~[spring-orm-6.2.11.jar:6.2.11]
	at org.springframework.beans.factory.support.AbstractAutowireCapableBeanFactory.invokeInitMethods(AbstractAutowireCapableBeanFactory.java:1873) ~[spring-beans-6.2.11.jar:6.2.11]
	at org.springframework.beans.factory.support.AbstractAutowireCapableBeanFactory.initializeBean(AbstractAutowireCapableBeanFactory.java:1822) ~[spring-beans-6.2.11.jar:6.2.11]
	... 18 common frames omitted
Caused by: java.lang.RuntimeException: Driver com.mysql.cj.jdbc.Driver claims to not accept jdbcUrl, ${DB_URL}
	at com.zaxxer.hikari.util.DriverDataSource.<init>(DriverDataSource.java:116) ~[HikariCP-6.3.3.jar:na]
	at com.zaxxer.hikari.pool.PoolBase.initializeDataSource(PoolBase.java:333) ~[HikariCP-6.3.3.jar:na]
	at com.zaxxer.hikari.pool.PoolBase.<init>(PoolBase.java:118) ~[HikariCP-6.3.3.jar:na]
	at com.zaxxer.hikari.pool.HikariPool.<init>(HikariPool.java:90) ~[HikariCP-6.3.3.jar:na]
	at com.zaxxer.hikari.HikariDataSource.getConnection(HikariDataSource.java:111) ~[HikariCP-6.3.3.jar:na]
	at org.hibernate.engine.jdbc.connections.internal.DatasourceConnectionProviderImpl.getConnection(DatasourceConnectionProviderImpl.java:126) ~[hibernate-core-6.6.29.Final.jar:6.6.29.Final]
	at org.hibernate.engine.jdbc.env.internal.JdbcEnvironmentInitiator$ConnectionProviderJdbcConnectionAccess.obtainConnection(JdbcEnvironmentInitiator.java:485) ~[hibernate-core-6.6.29.Final.jar:6.6.29.Final]
	at org.hibernate.resource.transaction.backend.jdbc.internal.DdlTransactionIsolatorNonJtaImpl.getIsolatedConnection(DdlTransactionIsolatorNonJtaImpl.java:46) ~[hibernate-core-6.6.29.Final.jar:6.6.29.Final]
	at org.hibernate.resource.transaction.backend.jdbc.internal.DdlTransactionIsolatorNonJtaImpl.getIsolatedConnection(DdlTransactionIsolatorNonJtaImpl.java:39) ~[hibernate-core-6.6.29.Final.jar:6.6.29.Final]
	at org.hibernate.tool.schema.internal.exec.ImprovedExtractionContextImpl.getJdbcConnection(ImprovedExtractionContextImpl.java:63) ~[hibernate-core-6.6.29.Final.jar:6.6.29.Final]
	at org.hibernate.tool.schema.internal.exec.ImprovedExtractionContextImpl.getJdbcDatabaseMetaData(ImprovedExtractionContextImpl.java:70) ~[hibernate-core-6.6.29.Final.jar:6.6.29.Final]
	at org.hibernate.tool.schema.extract.internal.InformationExtractorJdbcDatabaseMetaDataImpl.processTableResultSet(InformationExtractorJdbcDatabaseMetaDataImpl.java:65) ~[hibernate-core-6.6.29.Final.jar:6.6.29.Final]
	at org.hibernate.tool.schema.extract.internal.AbstractInformationExtractorImpl.getTables(AbstractInformationExtractorImpl.java:570) ~[hibernate-core-6.6.29.Final.jar:6.6.29.Final]
	at org.hibernate.tool.schema.extract.internal.DatabaseInformationImpl.getTablesInformation(DatabaseInformationImpl.java:122) ~[hibernate-core-6.6.29.Final.jar:6.6.29.Final]
	at org.hibernate.tool.schema.internal.GroupedSchemaMigratorImpl.performTablesMigration(GroupedSchemaMigratorImpl.java:72) ~[hibernate-core-6.6.29.Final.jar:6.6.29.Final]
	at org.hibernate.tool.schema.internal.AbstractSchemaMigrator.performMigration(AbstractSchemaMigrator.java:233) ~[hibernate-core-6.6.29.Final.jar:6.6.29.Final]
	at org.hibernate.tool.schema.internal.AbstractSchemaMigrator.doMigration(AbstractSchemaMigrator.java:112) ~[hibernate-core-6.6.29.Final.jar:6.6.29.Final]
	at org.hibernate.tool.schema.spi.SchemaManagementToolCoordinator.performDatabaseAction(SchemaManagementToolCoordinator.java:280) ~[hibernate-core-6.6.29.Final.jar:6.6.29.Final]
	at org.hibernate.tool.schema.spi.SchemaManagementToolCoordinator.lambda$process$5(SchemaManagementToolCoordinator.java:144) ~[hibernate-core-6.6.29.Final.jar:6.6.29.Final]
	at java.base/java.util.HashMap.forEach(HashMap.java:1430) ~[na:na]
	at org.hibernate.tool.schema.spi.SchemaManagementToolCoordinator.process(SchemaManagementToolCoordinator.java:141) ~[hibernate-core-6.6.29.Final.jar:6.6.29.Final]
	at org.hibernate.boot.internal.SessionFactoryObserverForSchemaExport.sessionFactoryCreated(SessionFactoryObserverForSchemaExport.java:37) ~[hibernate-core-6.6.29.Final.jar:6.6.29.Final]
	at org.hibernate.internal.SessionFactoryObserverChain.sessionFactoryCreated(SessionFactoryObserverChain.java:35) ~[hibernate-core-6.6.29.Final.jar:6.6.29.Final]
	at org.hibernate.internal.SessionFactoryImpl.<init>(SessionFactoryImpl.java:324) ~[hibernate-core-6.6.29.Final.jar:6.6.29.Final]
	at org.hibernate.boot.internal.SessionFactoryBuilderImpl.build(SessionFactoryBuilderImpl.java:463) ~[hibernate-core-6.6.29.Final.jar:6.6.29.Final]
	at org.hibernate.jpa.boot.internal.EntityManagerFactoryBuilderImpl.build(EntityManagerFactoryBuilderImpl.java:1517) ~[hibernate-core-6.6.29.Final.jar:6.6.29.Final]
	at org.springframework.orm.jpa.vendor.SpringHibernateJpaPersistenceProvider.createContainerEntityManagerFactory(SpringHibernateJpaPersistenceProvider.java:66) ~[spring-orm-6.2.11.jar:6.2.11]
	at org.springframework.orm.jpa.LocalContainerEntityManagerFactoryBean.createNativeEntityManagerFactory(LocalContainerEntityManagerFactoryBean.java:390) ~[spring-orm-6.2.11.jar:6.2.11]
	at org.springframework.orm.jpa.AbstractEntityManagerFactoryBean.buildNativeEntityManagerFactory(AbstractEntityManagerFactoryBean.java:419) ~[spring-orm-6.2.11.jar:6.2.11]
	... 22 common frames omitted

2025-10-17T13:51:54.950+05:30  INFO 30120 --- [backend] [restartedMain] c.omnishop.backend.BackendApplication    : Starting BackendApplication using Java 24.0.2 with PID 30120 (C:\Users\Rakesh\CV_Projects\Omnishop\backend\target\classes started by Rakesh in C:\Users\Rakesh\CV_Projects\Omnishop\backend)
2025-10-17T13:51:54.953+05:30 DEBUG 30120 --- [backend] [restartedMain] c.omnishop.backend.BackendApplication    : Running with Spring Boot v3.5.6, Spring v6.2.11
2025-10-17T13:51:54.954+05:30  INFO 30120 --- [backend] [restartedMain] c.omnishop.backend.BackendApplication    : No active profile set, falling back to 1 default profile: "default"
2025-10-17T13:51:55.013+05:30  INFO 30120 --- [backend] [restartedMain] .e.DevToolsPropertyDefaultsPostProcessor : Devtools property defaults active! Set 'spring.devtools.add-properties' to 'false' to disable
2025-10-17T13:51:55.014+05:30  INFO 30120 --- [backend] [restartedMain] .e.DevToolsPropertyDefaultsPostProcessor : For additional web related logging consider setting the 'logging.level.web' property to 'DEBUG'
2025-10-17T13:51:55.846+05:30  INFO 30120 --- [backend] [restartedMain] .s.d.r.c.RepositoryConfigurationDelegate : Multiple Spring Data modules found, entering strict repository configuration mode
2025-10-17T13:51:55.848+05:30  INFO 30120 --- [backend] [restartedMain] .s.d.r.c.RepositoryConfigurationDelegate : Bootstrapping Spring Data JPA repositories in DEFAULT mode.
2025-10-17T13:51:55.968+05:30  INFO 30120 --- [backend] [restartedMain] .s.d.r.c.RepositoryConfigurationDelegate : Finished Spring Data repository scanning in 109 ms. Found 1 JPA repository interface.
2025-10-17T13:51:55.983+05:30  INFO 30120 --- [backend] [restartedMain] .s.d.r.c.RepositoryConfigurationDelegate : Multiple Spring Data modules found, entering strict repository configuration mode
2025-10-17T13:51:55.985+05:30  INFO 30120 --- [backend] [restartedMain] .s.d.r.c.RepositoryConfigurationDelegate : Bootstrapping Spring Data Redis repositories in DEFAULT mode.
2025-10-17T13:51:56.007+05:30  INFO 30120 --- [backend] [restartedMain] .RepositoryConfigurationExtensionSupport : Spring Data Redis - Could not safely identify store assignment for repository candidate interface com.omnishop.backend.repository.TestRepository; If you want this repository to be a Redis repository, consider annotating your entities with one of these annotations: org.springframework.data.redis.core.RedisHash (preferred), or consider extending one of the following types with your repository: org.springframework.data.keyvalue.repository.KeyValueRepository
2025-10-17T13:51:56.007+05:30  INFO 30120 --- [backend] [restartedMain] .s.d.r.c.RepositoryConfigurationDelegate : Finished Spring Data repository scanning in 8 ms. Found 0 Redis repository interfaces.
2025-10-17T13:51:56.658+05:30  INFO 30120 --- [backend] [restartedMain] o.s.b.w.embedded.tomcat.TomcatWebServer  : Tomcat initialized with port 8081 (http)
2025-10-17T13:51:56.673+05:30  INFO 30120 --- [backend] [restartedMain] o.apache.catalina.core.StandardService   : Starting service [Tomcat]
2025-10-17T13:51:56.674+05:30  INFO 30120 --- [backend] [restartedMain] o.apache.catalina.core.StandardEngine    : Starting Servlet engine: [Apache Tomcat/10.1.46]
2025-10-17T13:51:56.716+05:30  INFO 30120 --- [backend] [restartedMain] o.a.c.c.C.[Tomcat].[localhost].[/]       : Initializing Spring embedded WebApplicationContext
2025-10-17T13:51:56.716+05:30  INFO 30120 --- [backend] [restartedMain] w.s.c.ServletWebServerApplicationContext : Root WebApplicationContext: initialization completed in 1701 ms
2025-10-17T13:51:56.915+05:30  INFO 30120 --- [backend] [restartedMain] o.hibernate.jpa.internal.util.LogHelper  : HHH000204: Processing PersistenceUnitInfo [name: default]
2025-10-17T13:51:56.957+05:30  INFO 30120 --- [backend] [restartedMain] org.hibernate.Version                    : HHH000412: Hibernate ORM core version 6.6.29.Final
2025-10-17T13:51:56.984+05:30  INFO 30120 --- [backend] [restartedMain] o.h.c.internal.RegionFactoryInitiator    : HHH000026: Second-level cache disabled
2025-10-17T13:51:57.254+05:30  INFO 30120 --- [backend] [restartedMain] o.s.o.j.p.SpringPersistenceUnitInfo      : No LoadTimeWeaver setup: ignoring JPA class transformer
2025-10-17T13:51:57.274+05:30  INFO 30120 --- [backend] [restartedMain] com.zaxxer.hikari.HikariDataSource       : HikariPool-1 - Starting...
2025-10-17T13:51:57.818+05:30  INFO 30120 --- [backend] [restartedMain] com.zaxxer.hikari.pool.HikariPool        : HikariPool-1 - Added connection com.mysql.cj.jdbc.ConnectionImpl@1eaba8fc
2025-10-17T13:51:57.821+05:30  INFO 30120 --- [backend] [restartedMain] com.zaxxer.hikari.HikariDataSource       : HikariPool-1 - Start completed.
2025-10-17T13:51:57.893+05:30  WARN 30120 --- [backend] [restartedMain] org.hibernate.orm.deprecation            : HHH90000025: MySQLDialect does not need to be specified explicitly using 'hibernate.dialect' (remove the property setting and it will be selected by default)
2025-10-17T13:51:57.915+05:30  INFO 30120 --- [backend] [restartedMain] org.hibernate.orm.connections.pooling    : HHH10001005: Database info:
	Database JDBC URL [Connecting through datasource 'HikariDataSource (HikariPool-1)']
	Database driver: undefined/unknown
	Database version: 8.0.36
	Autocommit mode: undefined/unknown
	Isolation level: undefined/unknown
	Minimum pool size: undefined/unknown
	Maximum pool size: undefined/unknown
2025-10-17T13:51:58.721+05:30  INFO 30120 --- [backend] [restartedMain] o.h.e.t.j.p.i.JtaPlatformInitiator       : HHH000489: No JTA platform available (set 'hibernate.transaction.jta.platform' to enable JTA platform integration)
2025-10-17T13:51:58.783+05:30  INFO 30120 --- [backend] [restartedMain] j.LocalContainerEntityManagerFactoryBean : Initialized JPA EntityManagerFactory for persistence unit 'default'
2025-10-17T13:51:59.270+05:30  WARN 30120 --- [backend] [restartedMain] JpaBaseConfiguration$JpaWebConfiguration : spring.jpa.open-in-view is enabled by default. Therefore, database queries may be performed during view rendering. Explicitly configure spring.jpa.open-in-view to disable this warning
2025-10-17T13:51:59.752+05:30  INFO 30120 --- [backend] [restartedMain] o.s.b.d.a.OptionalLiveReloadServer       : LiveReload server is running on port 35729
2025-10-17T13:51:59.788+05:30  INFO 30120 --- [backend] [restartedMain] o.s.b.w.embedded.tomcat.TomcatWebServer  : Tomcat started on port 8081 (http) with context path '/'
2025-10-17T13:51:59.789+05:30 DEBUG 30120 --- [backend] [restartedMain] o.s.d.r.l.RedisMessageListenerContainer  : Starting RedisMessageListenerContainer...
2025-10-17T13:51:59.791+05:30 DEBUG 30120 --- [backend] [restartedMain] o.s.d.r.l.RedisMessageListenerContainer  : Postpone listening for Redis messages until actual listeners are added
2025-10-17T13:51:59.798+05:30  INFO 30120 --- [backend] [restartedMain] c.omnishop.backend.BackendApplication    : Started BackendApplication in 5.327 seconds (process running for 5.773)
2025-10-17T13:52:10.890+05:30  INFO 30120 --- [backend] [http-nio-8081-exec-1] o.a.c.c.C.[Tomcat].[localhost].[/]       : Initializing Spring DispatcherServlet 'dispatcherServlet'
2025-10-17T13:52:10.890+05:30  INFO 30120 --- [backend] [http-nio-8081-exec-1] o.s.web.servlet.DispatcherServlet        : Initializing Servlet 'dispatcherServlet'
2025-10-17T13:52:10.891+05:30  INFO 30120 --- [backend] [http-nio-8081-exec-1] o.s.web.servlet.DispatcherServlet        : Completed initialization in 1 ms
2025-10-17T13:52:33.993+05:30 DEBUG 30120 --- [backend] [SpringApplicationShutdownHook] o.s.d.r.l.RedisMessageListenerContainer  : Stopped RedisMessageListenerContainer
2025-10-17T13:52:33.995+05:30  INFO 30120 --- [backend] [SpringApplicationShutdownHook] o.s.b.w.e.tomcat.GracefulShutdown        : Commencing graceful shutdown. Waiting for active requests to complete
2025-10-17T13:52:34.007+05:30  INFO 30120 --- [backend] [tomcat-shutdown] o.s.b.w.e.tomcat.GracefulShutdown        : Graceful shutdown complete
2025-10-17T13:52:34.133+05:30  INFO 30120 --- [backend] [SpringApplicationShutdownHook] j.LocalContainerEntityManagerFactoryBean : Closing JPA EntityManagerFactory for persistence unit 'default'
2025-10-17T13:52:34.138+05:30  INFO 30120 --- [backend] [SpringApplicationShutdownHook] com.zaxxer.hikari.HikariDataSource       : HikariPool-1 - Shutdown initiated...
2025-10-17T13:52:34.146+05:30  INFO 30120 --- [backend] [SpringApplicationShutdownHook] com.zaxxer.hikari.HikariDataSource       : HikariPool-1 - Shutdown completed.
